Date,LongReturn_Net,ShortReturn_Net,LSReturn_Net,BenchmarkReturn,LongTurnover,LongTickers,ShortTickers,Regime_RiskOn,Regime_SGGrowth,VIX,SG_PMI,Label
2006-02-28,0.054507800434826774,-0.006394439392777649,0.04811336104204912,0.030232148121842804,1.0,WIL SP Equity|SCI SP Equity|CICT SP Equity|GENS SP Equity|SGX SP Equity|STM SP Equity,OCBC SP Equity|DFI SP Equity|UOL SP Equity|VMS SP Equity|DBS SP Equity|CIT SP Equity,1.0,1,12.95,51.5,Full
2006-03-31,0.01908200267558319,-0.024128563947294047,-0.005046561271710857,0.021294395563912882,0.3333333333333333,WIL SP Equity|MLT SP Equity|SCI SP Equity|CICT SP Equity|STM SP Equity|KEP SP Equity,OCBC SP Equity|VMS SP Equity|DFI SP Equity|DBS SP Equity|JM SP Equity|CIT SP Equity,1.0,1,12.34,50.8,Full
2006-04-30,0.1289125463489474,-0.028544095593895605,0.10036845075505178,0.06563287452235864,0.3333333333333333,WIL SP Equity|SCI SP Equity|MLT SP Equity|SGX SP Equity|GENS SP Equity|KEP SP Equity,UOL SP Equity|DBS SP Equity|DFI SP Equity|VMS SP Equity|JM SP Equity|CIT SP Equity,1.0,0,11.39,49.6,Full
2006-05-31,-0.09837037827336523,0.05256892721274514,-0.045801451060620085,-0.08038137934735734,0.3333333333333333,WIL SP Equity|SCI SP Equity|CICT SP Equity|GENS SP Equity|SGX SP Equity|HKL SP Equity,STM SP Equity|STE SP Equity|VMS SP Equity|DBS SP Equity|DFI SP Equity|CIT SP Equity,1.0,1,11.59,50.4,Full
2006-06-30,0.040871232448961084,0.015429746798876785,0.05630097924783787,0.0059984723823936865,0.3333333333333333,WIL SP Equity|SCI SP Equity|CICT SP Equity|SGX SP Equity|SIA SP Equity|KEP SP Equity,STM SP Equity|STE SP Equity|DBS SP Equity|VMS SP Equity|DFI SP Equity|CIT SP Equity,0.0,1,16.44,52.3,Full
2006-07-31,-0.02607438806188016,-0.018395281537571303,-0.044469669599451464,0.00519317700523897,0.16666666666666666,WIL SP Equity|SCI SP Equity|CICT SP Equity|SGX SP Equity|SIA SP Equity|HKL SP Equity,STM SP Equity|STE SP Equity|VMS SP Equity|DBS SP Equity|CIT SP Equity|DFI SP Equity,0.0,1,13.08,52.7,Full
2006-08-31,0.06900664634945206,-0.017126902207490035,0.05187974414196202,0.03834531060835967,0.16666666666666666,WIL SP Equity|SCI SP Equity|MLT SP Equity|SGX SP Equity|CICT SP Equity|SIA SP Equity,VMS SP Equity|STM SP Equity|DBS SP Equity|JM SP Equity|DFI SP Equity|CIT SP Equity,0.0,1,14.95,51.0,Full
2006-09-30,0.0025991803542106664,-0.04422397006904748,-0.04162478971483681,0.02701338380585754,0.16666666666666666,WIL SP Equity|SCI SP Equity|SGX SP Equity|MLT SP Equity|CICT SP Equity|KEP SP Equity,OCBC SP Equity|STE SP Equity|DBS SP Equity|VMS SP Equity|CIT SP Equity|DFI SP Equity,1.0,1,12.31,52.3,Full
2006-10-31,0.07744889380312883,-0.05643643508226816,0.021012458720860674,0.059707292675002265,0.16666666666666666,WIL SP Equity|SCI SP Equity|SGX SP Equity|KEP SP Equity|MLT SP Equity|HKL SP Equity,CICT SP Equity|DBS SP Equity|VMS SP Equity|JM SP Equity|CIT SP Equity|DFI SP Equity,1.0,1,11.98,51.7,Full
2006-11-30,0.11146220948361239,-0.02267239472806655,0.08878981475554584,0.05975512121526356,0.16666666666666666,WIL SP Equity|SCI SP Equity|SGX SP Equity|HKL SP Equity|MLT SP Equity|SIA SP Equity,GENS SP Equity|DBS SP Equity|JM SP Equity|VMS SP Equity|CIT SP Equity|DFI SP Equity,1.0,1,11.1,53.4,Full
2006-12-31,0.1339683051590763,-0.048824169130054496,0.0851441360290218,0.12208132531758793,0.0,WIL SP Equity|SCI SP Equity|HKL SP Equity|MLT SP Equity|SIA SP Equity|SGX SP Equity,STE SP Equity|SATS SP Equity|DBS SP Equity|VMS SP Equity|CIT SP Equity|DFI SP Equity,1.0,1,10.91,54.6,Full
2007-01-31,0.11519247850088839,-0.10213381794684366,0.013058660554044726,0.06458277872691037,0.3333333333333333,WIL SP Equity|SCI SP Equity|SGX SP Equity|UOL SP Equity|HKL SP Equity|CICT SP Equity,VMS SP Equity|JM SP Equity|STE SP Equity|CIT SP Equity|GENS SP Equity|DFI SP Equity,1.0,1,11.56,53.4,Full
2007-02-28,0.01095587763222248,0.017287280686991917,0.028243158319214395,-0.007366905269639142,0.16666666666666666,WIL SP Equity|SCI SP Equity|SGX SP Equity|MLT SP Equity|HKL SP Equity|UOL SP Equity,THBEV SP Equity|JM SP Equity|VMS SP Equity|STE SP Equity|CIT SP Equity|DFI SP Equity,1.0,1,10.42,52.6,Full
2007-03-31,0.07967120454498958,-0.034347308201739285,0.04532389634325029,0.03395032129859019,0.16666666666666666,SCI SP Equity|SGX SP Equity|GENS SP Equity|UOL SP Equity|HKL SP Equity|WIL SP Equity,OCBC SP Equity|JM SP Equity|STE SP Equity|VMS SP Equity|CIT SP Equity|DFI SP Equity,1.0,1,15.42,51.5,Full
2007-04-30,0.05333973113200563,-0.08905871478832254,-0.03571898365631691,0.06635487425501935,0.3333333333333333,WIL SP Equity|UOL SP Equity|SGX SP Equity|SCI SP Equity|MLT SP Equity|THBEV SP Equity,ST SP Equity|SATS SP Equity|STE SP Equity|VMS SP Equity|CIT SP Equity|DFI SP Equity,1.0,1,14.64,51.1,Full
2007-05-31,0.07041752408399964,-0.004157770281986901,0.06625975380201274,0.06573629718145152,0.3333333333333333,WIL SP Equity|FCT SP Equity|SCI SP Equity|UOL SP Equity|HKL SP Equity|SGX SP Equity,SATS SP Equity|VMS SP Equity|JM SP Equity|STE SP Equity|CIT SP Equity|DFI SP Equity,1.0,0,14.22,49.7,Full
2007-06-30,0.0298854120280109,-0.04574771327522546,-0.015862301247214564,0.02906075638123689,0.3333333333333333,FCT SP Equity|WIL SP Equity|GENS SP Equity|SCI SP Equity|SGX SP Equity|THBEV SP Equity,ST SP Equity|VMS SP Equity|STE SP Equity|CIT SP Equity|DFI SP Equity|STM SP Equity,1.0,0,13.05,50.0,Full
2007-07-31,-0.05054103946366191,0.03400879889706971,-0.0165322405665922,-0.007084087459863152,0.3333333333333333,SCI SP Equity|FCT SP Equity|CICT SP Equity|SGX SP Equity|GENS SP Equity|UOL SP Equity,ST SP Equity|CLAR SP Equity|CIT SP Equity|STE SP Equity|VMS SP Equity|DFI SP Equity,1.0,1,16.23,52.3,Full
2007-08-31,-0.05923078941271637,0.0013307248262776157,-0.05790006458643875,-0.041076151614504536,0.16666666666666666,SGX SP Equity|SCI SP Equity|CICT SP Equity|UOL SP Equity|MLT SP Equity|FCT SP Equity,THBEV SP Equity|ST SP Equity|STE SP Equity|CIT SP Equity|WIL SP Equity|DFI SP Equity,0.0,1,23.52,53.3,Full
2007-09-30,0.14285464123281574,-0.08119978154716531,0.06165485968565043,0.0989932295287973,0.16666666666666666,SGX SP Equity|SCI SP Equity|CICT SP Equity|UOL SP Equity|MLT SP Equity|KEP SP Equity,STE SP Equity|ST SP Equity|SATS SP Equity|CIT SP Equity|JM SP Equity|DFI SP Equity,0.0,1,23.38,51.7,Full
2007-10-31,0.020979355989807803,0.007758144041590901,0.028737500031398702,0.0174923193278239,0.16666666666666666,SGX SP Equity|SCI SP Equity|UOL SP Equity|MLT SP Equity|SIA SP Equity|CICT SP Equity,CLAR SP Equity|THBEV SP Equity|GENS SP Equity|CIT SP Equity|STE SP Equity|DFI SP Equity,1.0,1,18.0,53.9,Full
2007-11-30,-0.07635865163071812,0.05010444710390223,-0.026254204526815886,-0.07154064059408016,0.16666666666666666,SGX SP Equity|SCI SP Equity|CICT SP Equity|MLT SP Equity|UOL SP Equity|WIL SP Equity,VMS SP Equity|SATS SP Equity|STE SP Equity|CIT SP Equity|GENS SP Equity|DFI SP Equity,1.0,1,18.53,52.9,Full
2007-12-31,0.014247163760686413,0.011703648773538147,0.02595081253422456,0.014871119314587069,0.16666666666666666,SGX SP Equity|SCI SP Equity|CICT SP Equity|UOL SP Equity|MLT SP Equity|HKL SP Equity,SATS SP Equity|VMS SP Equity|STE SP Equity|CIT SP Equity|GENS SP Equity|DFI SP Equity,0.0,1,22.87,53.8,Full
2008-01-31,-0.16162922227751522,0.12167093082323024,-0.03995829145428498,-0.1500144260114854,0.16666666666666666,SGX SP Equity|MLT SP Equity|JM SP Equity|HKL SP Equity|SCI SP Equity|UOL SP Equity,SATS SP Equity|STE SP Equity|CIT SP Equity|GENS SP Equity|FCT SP Equity|DFI SP Equity,0.0,1,22.5,51.0,Full
2008-02-29,-0.010850888590587516,-0.049513601301455816,-0.060364489892043335,0.03048821155540885,0.16666666666666666,SGX SP Equity|MLT SP Equity|SCI SP Equity|UOL SP Equity|HKL SP Equity|KEP SP Equity,FCT SP Equity|VMS SP Equity|CIT SP Equity|SATS SP Equity|DFI SP Equity|GENS SP Equity,0.0,1,26.2,50.5,Full
2008-03-31,-0.03114357964159348,0.015827225928249696,-0.015316353713343785,-0.010121209489533687,0.16666666666666666,SGX SP Equity|HKL SP Equity|MLT SP Equity|KEP SP Equity|SCI SP Equity|JM SP Equity,UOB SP Equity|STE SP Equity|STM SP Equity|CIT SP Equity|DFI SP Equity|GENS SP Equity,0.0,1,26.54,50.3,Full
2008-04-30,0.10862496861834897,-0.06791097946945296,0.04071398914889601,0.05955732504597391,0.5,SGX SP Equity|HKL SP Equity|CLAR SP Equity|YZJSGD SP Equity|WIL SP Equity|SCI SP Equity,VMS SP Equity|STE SP Equity|UOB SP Equity|CIT SP Equity|DFI SP Equity|GENS SP Equity,0.0,0,25.61,49.4,Full
2008-05-31,-0.01924167867197548,0.006593051622175851,-0.012648627049799629,0.025993494304009896,0.3333333333333333,JM SP Equity|CLAR SP Equity|SGX SP Equity|YZJSGD SP Equity|MLT SP Equity|HKL SP Equity,VMS SP Equity|STE SP Equity|UOB SP Equity|CIT SP Equity|DFI SP Equity|GENS SP Equity,0.0,0,20.79,49.3,Full
2008-06-30,-0.1119786019566768,0.0839342376554376,-0.028044364301239202,-0.0894834892337639,0.16666666666666666,CLAR SP Equity|SGX SP Equity|MLT SP Equity|HKL SP Equity|JM SP Equity|UOL SP Equity,STM SP Equity|VMS SP Equity|STE SP Equity|CIT SP Equity|DFI SP Equity|GENS SP Equity,1.0,0,17.83,49.0,Full
2008-07-31,-0.017092894899872434,-0.01775503054333885,-0.03484792544321129,-0.0032132370559256017,0.0,JM SP Equity|CLAR SP Equity|HKL SP Equity|MLT SP Equity|SGX SP Equity|UOL SP Equity,ST SP Equity|DBS SP Equity|UOB SP Equity|CIT SP Equity|DFI SP Equity|GENS SP Equity,0.0,1,23.95,50.6,Full
2008-08-31,-0.05403959087584895,0.048856377091730734,-0.005183213784118214,-0.056772945364698985,0.16666666666666666,HKL SP Equity|MLT SP Equity|CLAR SP Equity|JM SP Equity|THBEV SP Equity|UOL SP Equity,DFI SP Equity|UOB SP Equity|SATS SP Equity|VMS SP Equity|CIT SP Equity|GENS SP Equity,0.0,1,22.94,51.6,Full
2008-09-30,-0.12428542266540744,0.07966167406876332,-0.04462374859664413,-0.13051411604899843,0.16666666666666666,HKL SP Equity|CLAR SP Equity|JM SP Equity|MLT SP Equity|UOL SP Equity|SCI SP Equity,SATS SP Equity|STE SP Equity|UOB SP Equity|CIT SP Equity|DFI SP Equity|GENS SP Equity,0.0,1,20.65,50.6,Full
2008-10-31,-0.14132548611383214,0.24171869056763026,0.10039320445379812,-0.22120772695820953,0.16666666666666666,CLAR SP Equity|HKL SP Equity|JM SP Equity|UOL SP Equity|WIL SP Equity|SCI SP Equity,STM SP Equity|STE SP Equity|SATS SP Equity|VMS SP Equity|CIT SP Equity|GENS SP Equity,0.0,0,39.39,49.5,Full
2008-11-30,-0.04784426938006711,0.029630491572734924,-0.018213777807332188,-0.03267524192882493,0.5,CLAR SP Equity|MLT SP Equity|HKL SP Equity|THBEV SP Equity|SIA SP Equity|UOL SP Equity,SATS SP Equity|WIL SP Equity|STM SP Equity|VMS SP Equity|CIT SP Equity|GENS SP Equity,0.0,0,59.89,45.8,Full
2008-12-31,-0.008138912117503349,-0.0444001771611701,-0.05253908927867344,0.031750085649297016,0.16666666666666666,CLAR SP Equity|MLT SP Equity|THBEV SP Equity|HKL SP Equity|CICT SP Equity|SIA SP Equity,UOB SP Equity|ST SP Equity|OCBC SP Equity|STM SP Equity|CIT SP Equity|GENS SP Equity,0.0,0,55.84,44.3,Full
2009-01-31,0.040185842527422966,0.061654805789059366,0.10184064831648233,-0.005487313523968407,0.16666666666666666,CLAR SP Equity|THBEV SP Equity|MLT SP Equity|HKL SP Equity|CICT SP Equity|FCT SP Equity,KEP SP Equity|UOL SP Equity|VMS SP Equity|CIT SP Equity|DFI SP Equity|GENS SP Equity,0.0,0,40.0,44.8,Full
2009-02-28,-0.057650051915817534,0.03768136491749397,-0.019968686998323562,-0.06260340937177072,0.16666666666666666,CLAR SP Equity|THBEV SP Equity|HKL SP Equity|MLT SP Equity|SIA SP Equity|CICT SP Equity,DBS SP Equity|WIL SP Equity|JM SP Equity|VMS SP Equity|CIT SP Equity|GENS SP Equity,0.0,0,44.84,45.0,Full
2009-03-31,-0.013672530777043702,-0.08301696961960739,-0.09668950039665108,0.06568082788460768,0.3333333333333333,CLAR SP Equity|THBEV SP Equity|MLT SP Equity|YZJSGD SP Equity|SIA SP Equity|SGX SP Equity,SATS SP Equity|DBS SP Equity|JM SP Equity|CIT SP Equity|VMS SP Equity|GENS SP Equity,0.0,0,46.35,45.0,Full
2009-04-30,0.15071356171653633,-0.22437058887941247,-0.07365702716287614,0.1646718545001737,0.3333333333333333,THBEV SP Equity|MLT SP Equity|YZJSGD SP Equity|DFI SP Equity|HKL SP Equity|SIA SP Equity,VMS SP Equity|UOB SP Equity|JM SP Equity|CIT SP Equity|STM SP Equity|GENS SP Equity,0.0,0,44.14,47.1,Full
2009-05-31,0.3025444470741779,-0.20124480363774955,0.10129964343642833,0.24003458206595343,0.3333333333333333,YZJSGD SP Equity|HKL SP Equity|MLT SP Equity|THBEV SP Equity|SCI SP Equity|SGX SP Equity,DFI SP Equity|UOB SP Equity|GENS SP Equity|CLAR SP Equity|CIT SP Equity|JM SP Equity,0.0,0,36.5,49.2,Full
2009-06-30,0.022707078541104687,0.0048216183357509676,0.027528696876855656,0.01773425594408637,0.3333333333333333,YZJSGD SP Equity|KEP SP Equity|SCI SP Equity|DFI SP Equity|THBEV SP Equity|MLT SP Equity,VMS SP Equity|JM SP Equity|UOB SP Equity|GENS SP Equity|CLAR SP Equity|CIT SP Equity,0.0,1,28.92,51.2,Full
2009-07-31,0.13893614217360395,-0.08259676369714433,0.05633937847645962,0.13602661266992624,0.5,YZJSGD SP Equity|MLT SP Equity|KEP SP Equity|UOL SP Equity|FCT SP Equity|HKL SP Equity,UOB SP Equity|SIA SP Equity|SATS SP Equity|CLAR SP Equity|CICT SP Equity|DFI SP Equity,0.0,1,26.35,51.1,Full
2009-08-31,0.05772264528087942,-0.029128337684246455,0.028594307596632965,0.017112774241381166,0.16666666666666666,YZJSGD SP Equity|MLT SP Equity|UOL SP Equity|KEP SP Equity|HKL SP Equity|THBEV SP Equity,SIA SP Equity|GENS SP Equity|UOB SP Equity|CIT SP Equity|VMS SP Equity|CICT SP Equity,0.0,1,25.92,51.5,Full
2009-09-30,0.04805655517509547,-0.07842224528791471,-0.03036569011281924,0.05188165184409385,0.16666666666666666,YZJSGD SP Equity|KEP SP Equity|MLT SP Equity|UOL SP Equity|HKL SP Equity|SGX SP Equity,UOB SP Equity|CIT SP Equity|CLAR SP Equity|SIA SP Equity|CICT SP Equity|DFI SP Equity,0.0,1,26.01,54.4,Full
2009-10-31,0.03545788438783358,0.04682745181349912,0.0822853362013327,0.001593082312896692,0.16666666666666666,YZJSGD SP Equity|UOL SP Equity|KEP SP Equity|SATS SP Equity|MLT SP Equity|HKL SP Equity,ST SP Equity|CLAR SP Equity|SIA SP Equity|JM SP Equity|CICT SP Equity|DFI SP Equity,0.0,1,25.61,50.6,Full
2009-11-30,0.05205506205126299,-0.02674639779301195,0.025308664258251044,0.030066671421493815,0.16666666666666666,YZJSGD SP Equity|KEP SP Equity|MLT SP Equity|UOL SP Equity|WIL SP Equity|HKL SP Equity,STE SP Equity|STM SP Equity|CLAR SP Equity|SIA SP Equity|CICT SP Equity|DFI SP Equity,0.0,1,30.69,50.2,Full
2009-12-31,0.04264239470111325,-0.07170037431952535,-0.029057979618412097,0.06895532895911054,0.16666666666666666,YZJSGD SP Equity|KEP SP Equity|MLT SP Equity|STM SP Equity|HKL SP Equity|UOL SP Equity,VMS SP Equity|SIA SP Equity|JM SP Equity|CLAR SP Equity|CICT SP Equity|DFI SP Equity,0.0,1,24.51,52.0,Full
2010-01-31,-0.05073758404514121,0.04478573290524925,-0.00595185113989196,-0.05123855130260669,0.16666666666666666,YZJSGD SP Equity|HKL SP Equity|KEP SP Equity|MLT SP Equity|SCI SP Equity|STM SP Equity,CIT SP Equity|ST SP Equity|CLAR SP Equity|SIA SP Equity|CICT SP Equity|DFI SP Equity,0.0,1,21.68,53.3,Full
2010-02-28,0.03619507881277575,-0.024394361492422183,0.011800717320353565,0.0074833486978980865,0.16666666666666666,YZJSGD SP Equity|KEP SP Equity|HKL SP Equity|STM SP Equity|MLT SP Equity|FCT SP Equity,UOB SP Equity|STE SP Equity|ST SP Equity|SIA SP Equity|CICT SP Equity|DFI SP Equity,0.0,1,24.62,51.4,Full
2010-03-31,0.08771254618320709,-0.06421535858597599,0.0234971875972311,0.05003329928065694,0.16666666666666666,YZJSGD SP Equity|HKL SP Equity|KEP SP Equity|STM SP Equity|MLT SP Equity|SCI SP Equity,CLAR SP Equity|JM SP Equity|ST SP Equity|SIA SP Equity|CICT SP Equity|DFI SP Equity,1.0,1,19.5,51.9,Full
2010-04-30,0.06537677699467297,-0.052672754433355146,0.012704022561317821,0.052650313652769364,0.3333333333333333,YZJSGD SP Equity|STM SP Equity|HKL SP Equity|KEP SP Equity|UOL SP Equity|FCT SP Equity,ST SP Equity|CICT SP Equity|SIA SP Equity|JM SP Equity|GENS SP Equity|DFI SP Equity,1.0,1,17.59,51.1,Full
2010-05-31,-0.07780571591739147,0.0278459592663687,-0.049959756651022764,-0.057568178891652326,0.3333333333333333,YZJSGD SP Equity|STM SP Equity|HKL SP Equity|MLT SP Equity|KEP SP Equity|SCI SP Equity,STE SP Equity|ST SP Equity|SIA SP Equity|CICT SP Equity|GENS SP Equity|DFI SP Equity,0.0,1,22.05,51.9,Full
2010-06-30,0.02285496800907687,-0.05521929463517004,-0.03236432662609316,0.02955559156860994,0.0,YZJSGD SP Equity|HKL SP Equity|STM SP Equity|MLT SP Equity|KEP SP Equity|SCI SP Equity,CICT SP Equity|ST SP Equity|STE SP Equity|SIA SP Equity|GENS SP Equity|DFI SP Equity,0.0,1,32.07,52.2,Full
2010-07-31,0.05363381365791497,-0.0713065665279445,-0.017672752870029527,0.06252748351961103,0.3333333333333333,YZJSGD SP Equity|STM SP Equity|SATS SP Equity|SCI SP Equity|MLT SP Equity|THBEV SP Equity,SGX SP Equity|WIL SP Equity|CIT SP Equity|ST SP Equity|GENS SP Equity|DFI SP Equity,0.0,1,34.54,51.3,Full
2010-08-31,0.002093327856644615,-0.04073400443018028,-0.03864067657353566,0.004390027200065344,0.3333333333333333,YZJSGD SP Equity|STM SP Equity|SCI SP Equity|MLT SP Equity|HKL SP Equity|KEP SP Equity,SIA SP Equity|DBS SP Equity|ST SP Equity|WIL SP Equity|GENS SP Equity|DFI SP Equity,0.0,1,23.5,52.2,Full
2010-09-30,0.06374160272957365,-0.04493354757810068,0.018808055151472963,0.06400665353922318,0.0,YZJSGD SP Equity|SCI SP Equity|MLT SP Equity|HKL SP Equity|STM SP Equity|KEP SP Equity,DBS SP Equity|VMS SP Equity|ST SP Equity|WIL SP Equity|GENS SP Equity|DFI SP Equity,0.0,0,26.05,49.4,Full
2010-10-31,0.09013258859200102,0.0103790842033411,0.10051167279534212,0.023659622530769267,0.0,YZJSGD SP Equity|SCI SP Equity|STM SP Equity|MLT SP Equity|KEP SP Equity|HKL SP Equity,CICT SP Equity|CIT SP Equity|SGX SP Equity|WIL SP Equity|VMS SP Equity|DFI SP Equity,0.0,0,23.7,49.5,Full
2010-11-30,-0.0008805743497401518,-0.0036186683411116166,-0.004499242690851769,0.0039349714739314486,0.3333333333333333,YZJSGD SP Equity|SCI SP Equity|UOL SP Equity|HKL SP Equity|JM SP Equity|MLT SP Equity,DBS SP Equity|ST SP Equity|CICT SP Equity|VMS SP Equity|WIL SP Equity|DFI SP Equity,0.0,1,21.2,50.7,Full
2010-12-31,0.06771876813798833,-0.010616567750275599,0.05710220038771273,0.02720382802110259,0.3333333333333333,YZJSGD SP Equity|STM SP Equity|SCI SP Equity|HKL SP Equity|UOL SP Equity|KEP SP Equity,SGX SP Equity|VMS SP Equity|CICT SP Equity|DBS SP Equity|WIL SP Equity|DFI SP Equity,0.0,1,23.54,51.4,Full
2011-01-31,0.007053750791737716,0.003182408175209932,0.010236158966947649,-0.004911366609454404,0.16666666666666666,YZJSGD SP Equity|HKL SP Equity|KEP SP Equity|SCI SP Equity|UOL SP Equity|JM SP Equity,UOB SP Equity|CICT SP Equity|STE SP Equity|DBS SP Equity|WIL SP Equity|DFI SP Equity,1.0,1,17.75,50.7,Full
2011-02-28,-0.03781531853374178,0.05618220075842175,0.01836688222467997,-0.04395315730080675,0.3333333333333333,YZJSGD SP Equity|MINT SP Equity|STM SP Equity|HKL SP Equity|KEP SP Equity|SCI SP Equity,UOB SP Equity|VMS SP Equity|CIT SP Equity|DBS SP Equity|DFI SP Equity|WIL SP Equity,1.0,1,19.53,50.5,Full
2011-03-31,0.05785289027158055,-0.03833615684625105,0.019516733425329495,0.03298045554824293,0.0,YZJSGD SP Equity|STM SP Equity|MINT SP Equity|SCI SP Equity|HKL SP Equity|KEP SP Equity,SIA SP Equity|STE SP Equity|DBS SP Equity|CIT SP Equity|WIL SP Equity|DFI SP Equity,1.0,1,18.35,52.3,Full
2011-04-30,0.04621096422019463,-0.0167228754076135,0.029488088812581126,0.0271911152783278,0.0,YZJSGD SP Equity|MINT SP Equity|HKL SP Equity|STM SP Equity|KEP SP Equity|SCI SP Equity,CICT SP Equity|STE SP Equity|DBS SP Equity|SIA SP Equity|WIL SP Equity|DFI SP Equity,1.0,1,17.74,50.1,Full
2011-05-31,-0.020099045228935915,-0.012035025634751718,-0.032134070863687636,-0.0016208822637091978,0.16666666666666666,YZJSGD SP Equity|MINT SP Equity|STM SP Equity|KEP SP Equity|SCI SP Equity|UOL SP Equity,CICT SP Equity|DBS SP Equity|CIT SP Equity|SIA SP Equity|WIL SP Equity|DFI SP Equity,1.0,1,14.75,52.5,Full
2011-06-30,-0.028609090997972667,0.004606579943180733,-0.024002511054791932,-0.015504737827059011,0.16666666666666666,YZJSGD SP Equity|KEP SP Equity|MINT SP Equity|SCI SP Equity|HKL SP Equity|UOL SP Equity,SATS SP Equity|STE SP Equity|CICT SP Equity|JM SP Equity|DFI SP Equity|WIL SP Equity,1.0,1,15.45,50.8,Full
2011-07-31,0.009264259484290098,-0.024924135252678083,-0.015659875768387985,0.017242094015351137,0.16666666666666666,HKL SP Equity|YZJSGD SP Equity|KEP SP Equity|MINT SP Equity|STM SP Equity|UOL SP Equity,STE SP Equity|SATS SP Equity|SGX SP Equity|SIA SP Equity|WIL SP Equity|DFI SP Equity,0.0,1,16.52,50.4,Full
2011-08-31,-0.12616045981638088,0.07968260587394707,-0.04647785394243381,-0.07943840688747285,0.16666666666666666,MINT SP Equity|HKL SP Equity|JM SP Equity|KEP SP Equity|STM SP Equity|YZJSGD SP Equity,STE SP Equity|OCBC SP Equity|CIT SP Equity|SIA SP Equity|WIL SP Equity|DFI SP Equity,0.0,0,25.25,49.3,Full
2011-09-30,-0.1667693625691793,0.020589137597859665,-0.14618022497131963,-0.0768976576661335,0.16666666666666666,MINT SP Equity|HKL SP Equity|UOL SP Equity|STM SP Equity|KEP SP Equity|YZJSGD SP Equity,SIA SP Equity|VMS SP Equity|SATS SP Equity|CIT SP Equity|WIL SP Equity|DFI SP Equity,0.0,0,31.62,49.4,Full
2011-10-31,0.1401023594491675,-0.07597767785469314,0.06412468159447435,0.07486872194867081,0.3333333333333333,MINT SP Equity|HKL SP Equity|KEP SP Equity|UOL SP Equity|MPACT SP Equity|SCI SP Equity,CIT SP Equity|SATS SP Equity|VMS SP Equity|GENS SP Equity|WIL SP Equity|SIA SP Equity,0.0,0,42.96,48.3,Full
2011-11-30,-0.02164765325094645,0.0800873117845537,0.05843965853360725,-0.057109860731752234,0.5,MPACT SP Equity|KEP SP Equity|FCT SP Equity|CLAR SP Equity|UOL SP Equity|MLT SP Equity,SATS SP Equity|DFI SP Equity|CIT SP Equity|WIL SP Equity|SIA SP Equity|GENS SP Equity,0.0,0,29.96,49.5,Full
2011-12-31,-0.027117807844565082,0.008723993486136804,-0.018393814358428278,-0.011953501376445689,0.16666666666666666,KEP SP Equity|MPACT SP Equity|MINT SP Equity|CLAR SP Equity|UOL SP Equity|FCT SP Equity,CIT SP Equity|VMS SP Equity|WIL SP Equity|SIA SP Equity|GENS SP Equity|DFI SP Equity,0.0,0,27.8,48.7,Full
2012-01-31,0.08578255120761435,-0.09430219182779807,-0.008519640620183719,0.10490356321178397,0.3333333333333333,KEP SP Equity|FCT SP Equity|MPACT SP Equity|CLAR SP Equity|JM SP Equity|SCI SP Equity,VMS SP Equity|CIT SP Equity|WIL SP Equity|GENS SP Equity|SIA SP Equity|DFI SP Equity,0.0,0,23.4,49.5,Full
2012-02-29,0.06296511933262272,-0.046826968501707145,0.016138150830915576,0.05755696831079799,0.16666666666666666,MPACT SP Equity|KEP SP Equity|FCT SP Equity|MINT SP Equity|CLAR SP Equity|SCI SP Equity,WIL SP Equity|CIT SP Equity|DFI SP Equity|VMS SP Equity|GENS SP Equity|SIA SP Equity,1.0,0,19.44,48.7,Full
2012-03-31,0.002584483507785801,-0.015041458617354102,-0.012456975109568301,0.00593829245736771,0.3333333333333333,KEP SP Equity|MPACT SP Equity|MINT SP Equity|THBEV SP Equity|JM SP Equity|FCT SP Equity,OCBC SP Equity|CIT SP Equity|VMS SP Equity|DFI SP Equity|SIA SP Equity|GENS SP Equity,1.0,1,18.43,50.4,Full
2012-04-30,0.00915385642978975,0.00560219168457025,0.014756048114360001,0.0073493041711968805,0.3333333333333333,KEP SP Equity|MPACT SP Equity|SCI SP Equity|MINT SP Equity|YZJSGD SP Equity|FCT SP Equity,VMS SP Equity|SATS SP Equity|CIT SP Equity|WIL SP Equity|SIA SP Equity|GENS SP Equity,1.0,1,15.5,50.2,Full
2012-05-31,-0.026097355891632514,0.09067917565110048,0.06458181975946797,-0.0399742769614209,0.16666666666666666,KEP SP Equity|MPACT SP Equity|THBEV SP Equity|SCI SP Equity|YZJSGD SP Equity|MINT SP Equity,OCBC SP Equity|UOB SP Equity|WIL SP Equity|CIT SP Equity|GENS SP Equity|SIA SP Equity,1.0,0,17.15,49.7,Full
2012-06-30,0.02550184359226007,-0.016659864012166667,0.008841979580093404,0.03276531167270868,0.16666666666666666,THBEV SP Equity|MPACT SP Equity|KEP SP Equity|FCT SP Equity|MINT SP Equity|YZJSGD SP Equity,STM SP Equity|WIL SP Equity|VMS SP Equity|CIT SP Equity|GENS SP Equity|SIA SP Equity,0.0,1,24.06,50.4,Full
2012-07-31,0.04347611261491488,0.0039557656826356155,0.047431878297550495,0.03837151652288836,0.16666666666666666,THBEV SP Equity|FCT SP Equity|KEP SP Equity|YZJSGD SP Equity|SCI SP Equity|MINT SP Equity,OCBC SP Equity|DFI SP Equity|CIT SP Equity|WIL SP Equity|SIA SP Equity|GENS SP Equity,0.0,1,17.08,50.4,Full
2012-08-31,0.020814229213395166,-0.016029824786130152,0.004784404427265014,0.020287351560140637,0.16666666666666666,THBEV SP Equity|KEP SP Equity|YZJSGD SP Equity|SCI SP Equity|FCT SP Equity|HKL SP Equity,CIT SP Equity|SGX SP Equity|WIL SP Equity|SIA SP Equity|GENS SP Equity|JM SP Equity,0.0,0,18.93,49.8,Full
2012-09-30,0.05072062633365446,-0.029282851174208084,0.02143777515944638,0.02703111449063755,0.16666666666666666,KEP SP Equity|FCT SP Equity|THBEV SP Equity|YZJSGD SP Equity|HKL SP Equity|MPACT SP Equity,VMS SP Equity|DFI SP Equity|JM SP Equity|SIA SP Equity|WIL SP Equity|GENS SP Equity,1.0,0,17.47,49.1,Full
2012-10-31,0.025516469779097918,0.008976732471336383,0.0344932022504343,-0.0046143911813813065,0.16666666666666666,THBEV SP Equity|KEP SP Equity|HKL SP Equity|SCI SP Equity|FCT SP Equity|MPACT SP Equity,VMS SP Equity|DFI SP Equity|SIA SP Equity|JM SP Equity|WIL SP Equity|GENS SP Equity,1.0,0,15.73,48.7,Full
2012-11-30,-0.013592201100564333,0.006823402444377516,-0.006768798656186817,0.005465455736122171,0.3333333333333333,THBEV SP Equity|KEP SP Equity|SCI SP Equity|HKL SP Equity|YZJSGD SP Equity|MINT SP Equity,CIT SP Equity|DFI SP Equity|JM SP Equity|SIA SP Equity|WIL SP Equity|GENS SP Equity,1.0,0,18.6,48.3,Full
2012-12-31,0.021853887204910532,-0.04864682034273779,-0.026792933137827258,0.027975501369604302,0.16666666666666666,THBEV SP Equity|HKL SP Equity|YZJSGD SP Equity|KEP SP Equity|FCT SP Equity|SCI SP Equity,CIT SP Equity|JM SP Equity|DFI SP Equity|SIA SP Equity|WIL SP Equity|GENS SP Equity,1.0,0,15.87,48.8,Full
2013-01-31,0.10237975175134169,-0.05972027471161747,0.04265947703972422,0.056015665397068544,0.3333333333333333,THBEV SP Equity|HKL SP Equity|UOL SP Equity|MPACT SP Equity|YZJSGD SP Equity|FCT SP Equity,CIT SP Equity|JM SP Equity|DFI SP Equity|SIA SP Equity|WIL SP Equity|GENS SP Equity,0.0,0,18.02,48.6,Full
2013-02-28,0.024130110309116163,0.006468419462598498,0.03059852977171466,0.007161897152140016,0.0,THBEV SP Equity|HKL SP Equity|UOL SP Equity|MPACT SP Equity|YZJSGD SP Equity|FCT SP Equity,STM SP Equity|ST SP Equity|SIA SP Equity|WIL SP Equity|GENS SP Equity|DFI SP Equity,1.0,1,14.28,50.2,Full
2013-03-31,0.0307830453012591,0.02613165932527557,0.05691470462653467,0.011422471755026073,0.0,THBEV SP Equity|HKL SP Equity|MPACT SP Equity|UOL SP Equity|YZJSGD SP Equity|FCT SP Equity,CIT SP Equity|STM SP Equity|WIL SP Equity|SIA SP Equity|GENS SP Equity|DFI SP Equity,1.0,0,15.51,49.4,Full
2013-04-30,0.055002949630279255,-0.0016201215403410995,0.053382828089938154,0.03101418469376063,0.16666666666666666,THBEV SP Equity|HKL SP Equity|MPACT SP Equity|UOL SP Equity|FCT SP Equity|MINT SP Equity,STM SP Equity|CIT SP Equity|WIL SP Equity|SIA SP Equity|GENS SP Equity|DFI SP Equity,1.0,1,12.7,50.6,Full
2013-05-31,-0.05340248526084484,0.01195460481745485,-0.04144788044338999,-0.032797738803937264,0.0,THBEV SP Equity|HKL SP Equity|UOL SP Equity|FCT SP Equity|MPACT SP Equity|MINT SP Equity,STM SP Equity|CIT SP Equity|WIL SP Equity|DFI SP Equity|SIA SP Equity|GENS SP Equity,1.0,1,13.52,50.3,Full
2013-06-30,-0.05851885496588132,0.04251344495526608,-0.016005410010615242,-0.04281410223407535,0.0,THBEV SP Equity|UOL SP Equity|MPACT SP Equity|HKL SP Equity|MINT SP Equity|FCT SP Equity,CIT SP Equity|VMS SP Equity|WIL SP Equity|SIA SP Equity|GENS SP Equity|DFI SP Equity,1.0,1,16.3,51.1,Full
2013-07-31,0.020731859809794605,-0.010819852808019732,0.009912007001774872,0.02220531605736292,0.16666666666666666,THBEV SP Equity|UOL SP Equity|HKL SP Equity|MPACT SP Equity|YZJSGD SP Equity|MINT SP Equity,VMS SP Equity|WIL SP Equity|CLAR SP Equity|SIA SP Equity|GENS SP Equity|DFI SP Equity,1.0,1,16.86,51.7,Full
2013-08-31,-0.05425018532904544,0.05917437841201779,0.004924193082972345,-0.04877939875964907,0.0,THBEV SP Equity|HKL SP Equity|UOL SP Equity|MPACT SP Equity|MINT SP Equity|YZJSGD SP Equity,CIT SP Equity|JM SP Equity|SIA SP Equity|DFI SP Equity|STM SP Equity|GENS SP Equity,1.0,1,13.45,51.8,Full
2013-09-30,0.07204295293976087,-0.05074573010002164,0.021297222839739234,0.05075234224342973,0.0,THBEV SP Equity|UOL SP Equity|HKL SP Equity|YZJSGD SP Equity|MPACT SP Equity|MINT SP Equity,WIL SP Equity|STM SP Equity|CIT SP Equity|SIA SP Equity|GENS SP Equity|DFI SP Equity,1.0,1,17.01,50.5,Full
2013-10-31,0.01848314282649828,-0.02902375415096748,-0.0105406113244692,0.02913047409738388,0.3333333333333333,UOL SP Equity|THBEV SP Equity|YZJSGD SP Equity|HKL SP Equity|FCT SP Equity|SGX SP Equity,JM SP Equity|CIT SP Equity|SIA SP Equity|STM SP Equity|DFI SP Equity|GENS SP Equity,1.0,1,16.6,50.5,Full
2013-11-30,-0.04705185498920337,0.040707191497172945,-0.006344663492030424,-0.026741318548099295,0.0,YZJSGD SP Equity|HKL SP Equity|THBEV SP Equity|FCT SP Equity|UOL SP Equity|SGX SP Equity,VMS SP Equity|JM SP Equity|SIA SP Equity|CIT SP Equity|GENS SP Equity|DFI SP Equity,1.0,1,13.75,51.2,Full
2013-12-31,0.019747778071984218,0.008851312019974201,0.02859909009195842,-0.001486658784689315,0.16666666666666666,YZJSGD SP Equity|UOL SP Equity|SGX SP Equity|THBEV SP Equity|HKL SP Equity|KEP SP Equity,VMS SP Equity|SIA SP Equity|CIT SP Equity|GENS SP Equity|JM SP Equity|DFI SP Equity,1.0,1,13.7,50.8,Full
2014-01-31,-0.038265149376134455,0.046295112326827564,0.00802996295069311,-0.03813784565874244,0.16666666666666666,YZJSGD SP Equity|KEP SP Equity|SCI SP Equity|SGX SP Equity|THBEV SP Equity|UOL SP Equity,VMS SP Equity|SIA SP Equity|GENS SP Equity|CIT SP Equity|JM SP Equity|DFI SP Equity,1.0,0,13.72,49.7,Full
2014-02-28,0.012623440074022283,-0.03326433265567638,-0.0206408925816541,0.02421562886338495,0.16666666666666666,YZJSGD SP Equity|THBEV SP Equity|KEP SP Equity|SCI SP Equity|MINT SP Equity|SGX SP Equity,SIA SP Equity|STM SP Equity|GENS SP Equity|JM SP Equity|CIT SP Equity|DFI SP Equity,1.0,1,18.41,50.5,Full
2014-03-31,0.019298443763929134,-0.046542738685854804,-0.02724429492192567,0.021110473663215376,0.16666666666666666,YZJSGD SP Equity|MINT SP Equity|KEP SP Equity|SCI SP Equity|THBEV SP Equity|FCT SP Equity,WIL SP Equity|SIA SP Equity|CIT SP Equity|GENS SP Equity|JM SP Equity|DFI SP Equity,1.0,1,14.0,50.9,Full
2014-04-30,0.02352648199999303,-0.022068410101084568,0.0014580718989084633,0.03143352675562024,0.16666666666666666,YZJSGD SP Equity|SCI SP Equity|MINT SP Equity|THBEV SP Equity|MPACT SP Equity|KEP SP Equity,STE SP Equity|SIA SP Equity|JM SP Equity|CIT SP Equity|GENS SP Equity|DFI SP Equity,1.0,1,13.88,50.8,Full
2014-05-31,0.018030505714904985,-0.006572773690172966,0.011457732024732019,0.016825256308848027,0.0,YZJSGD SP Equity|SCI SP Equity|KEP SP Equity|MINT SP Equity|THBEV SP Equity|MPACT SP Equity,STE SP Equity|VMS SP Equity|SIA SP Equity|CIT SP Equity|GENS SP Equity|DFI SP Equity,1.0,1,13.41,51.1,Full
2014-06-30,0.0004644928964953178,0.003148347539476151,0.003612840435971469,-0.005905470886564119,0.16666666666666666,YZJSGD SP Equity|HKL SP Equity|SCI SP Equity|KEP SP Equity|MINT SP Equity|THBEV SP Equity,CLAR SP Equity|VMS SP Equity|STE SP Equity|SIA SP Equity|GENS SP Equity|DFI SP Equity,1.0,1,11.4,50.8,Full
2014-07-31,0.0198253923470931,-0.016312247463281436,0.0035131448838116655,0.02211113335694459,0.16666666666666666,YZJSGD SP Equity|SCI SP Equity|HKL SP Equity|MINT SP Equity|KEP SP Equity|MPACT SP Equity,VMS SP Equity|CIT SP Equity|SIA SP Equity|JM SP Equity|GENS SP Equity|DFI SP Equity,1.0,1,11.57,50.5,Full
2014-08-31,0.013177245427547649,0.027480754616289765,0.04065800004383741,0.0020506073244984623,0.0,YZJSGD SP Equity|MPACT SP Equity|MINT SP Equity|HKL SP Equity|SCI SP Equity|KEP SP Equity,STM SP Equity|SATS SP Equity|SIA SP Equity|CIT SP Equity|GENS SP Equity|DFI SP Equity,1.0,1,16.95,51.5,Full
2014-09-30,-0.0007330195501426657,0.03712875043888338,0.036395730888740714,-0.01886612748340455,0.3333333333333333,YZJSGD SP Equity|MPACT SP Equity|HKL SP Equity|THBEV SP Equity|KEP SP Equity|MLT SP Equity,STE SP Equity|SATS SP Equity|SIA SP Equity|STM SP Equity|GENS SP Equity|DFI SP Equity,1.0,0,11.98,49.7,Full
2014-10-31,-0.005561172760893217,-0.004220592993167618,-0.009781765754060836,0.0036879447964598406,0.16666666666666666,THBEV SP Equity|YZJSGD SP Equity|MPACT SP Equity|HKL SP Equity|MINT SP Equity|KEP SP Equity,CIT SP Equity|WIL SP Equity|STE SP Equity|SIA SP Equity|GENS SP Equity|DFI SP Equity,1.0,1,16.31,50.5,Full
2014-11-30,-0.008922290533617434,-0.002750343887025468,-0.011672634420642902,0.0027163862365579988,0.16666666666666666,THBEV SP Equity|YZJSGD SP Equity|MPACT SP Equity|HKL SP Equity|MINT SP Equity|MLT SP Equity,SATS SP Equity|STE SP Equity|CIT SP Equity|DFI SP Equity|SIA SP Equity|GENS SP Equity,1.0,1,14.03,51.9,Full
2014-12-31,6.359354205053361e-05,-0.017358580010162314,-0.01729498646811178,0.01150597012340998,0.0,THBEV SP Equity|HKL SP Equity|MPACT SP Equity|YZJSGD SP Equity|MINT SP Equity|MLT SP Equity,SATS SP Equity|CIT SP Equity|STM SP Equity|SIA SP Equity|GENS SP Equity|DFI SP Equity,1.0,1,13.33,51.8,Full
2015-01-31,0.05585545852589851,-0.003472166942658901,0.05238329158323961,0.018438858107381235,0.0,YZJSGD SP Equity|HKL SP Equity|MINT SP Equity|THBEV SP Equity|MPACT SP Equity|MLT SP Equity,STE SP Equity|STM SP Equity|VMS SP Equity|SIA SP Equity|GENS SP Equity|DFI SP Equity,1.0,0,19.2,49.6,Full
2015-02-28,0.007176249453904,0.019566715573878332,0.026742965027782332,0.006674418053160915,0.0,YZJSGD SP Equity|HKL SP Equity|THBEV SP Equity|MINT SP Equity|MPACT SP Equity|MLT SP Equity,STE SP Equity|VMS SP Equity|SIA SP Equity|STM SP Equity|DFI SP Equity|GENS SP Equity,0.0,0,20.97,49.9,Full
2015-03-31,0.03018291968917638,0.005085906449285432,0.035268826138461815,0.012906777793210549,0.16666666666666666,HKL SP Equity|YZJSGD SP Equity|THBEV SP Equity|MINT SP Equity|MPACT SP Equity|FCT SP Equity,SIA SP Equity|STM SP Equity|STE SP Equity|SATS SP Equity|GENS SP Equity|DFI SP Equity,1.0,0,13.34,49.7,Full
2015-04-30,0.05929274718052244,-0.040971936475595314,0.018320810704927123,0.03439230035288889,0.3333333333333333,HKL SP Equity|YZJSGD SP Equity|MINT SP Equity|UOL SP Equity|MPACT SP Equity|SGX SP Equity,STE SP Equity|SIA SP Equity|VMS SP Equity|STM SP Equity|GENS SP Equity|DFI SP Equity,1.0,0,15.29,49.6,Full
2015-05-31,0.020939186086362468,0.03213563386691132,0.05307481995327379,-0.0155739504882942,0.16666666666666666,YZJSGD SP Equity|MINT SP Equity|HKL SP Equity|MPACT SP Equity|THBEV SP Equity|SGX SP Equity,CIT SP Equity|SIA SP Equity|STM SP Equity|JM SP Equity|DFI SP Equity|GENS SP Equity,1.0,0,14.55,49.4,Full
2015-06-30,-0.04656231793132366,0.039682732641151325,-0.006879585290172338,-0.025725807228527697,0.16666666666666666,YZJSGD SP Equity|HKL SP Equity|MINT SP Equity|SGX SP Equity|MPACT SP Equity|UOL SP Equity,SIA SP Equity|STE SP Equity|STM SP Equity|VMS SP Equity|GENS SP Equity|DFI SP Equity,1.0,1,13.84,50.2,Full
2015-07-31,-0.034133577001822804,0.031724652923804546,-0.0024089240780182583,-0.02230081702232703,0.16666666666666666,YZJSGD SP Equity|HKL SP Equity|MINT SP Equity|SGX SP Equity|THBEV SP Equity|MPACT SP Equity,STE SP Equity|SIA SP Equity|JM SP Equity|STM SP Equity|DFI SP Equity|GENS SP Equity,0.0,1,18.23,50.4,Full
2015-08-31,-0.07212886914745134,0.08591079617789364,0.0137819270304423,-0.07663735121462803,0.16666666666666666,YZJSGD SP Equity|HKL SP Equity|KDCREIT SP Equity|THBEV SP Equity|MINT SP Equity|SGX SP Equity,JM SP Equity|VMS SP Equity|SIA SP Equity|STM SP Equity|DFI SP Equity|GENS SP Equity,1.0,0,12.12,49.7,Full
2015-09-30,-0.016687493415531298,0.017718194461690748,0.0010307010461594497,-0.022619797749020756,0.0,YZJSGD SP Equity|KDCREIT SP Equity|HKL SP Equity|THBEV SP Equity|MINT SP Equity|SGX SP Equity,VMS SP Equity|SIA SP Equity|JM SP Equity|STM SP Equity|GENS SP Equity|DFI SP Equity,0.0,0,28.43,49.3,Full
2015-10-31,0.05915451386242659,-0.07148493928299521,-0.01233042542056862,0.06729914609015226,0.0,KDCREIT SP Equity|HKL SP Equity|MINT SP Equity|YZJSGD SP Equity|THBEV SP Equity|SGX SP Equity,CIT SP Equity|SIA SP Equity|JM SP Equity|STM SP Equity|GENS SP Equity|DFI SP Equity,0.0,0,24.5,48.6,Full
2015-11-30,-0.019936234295225414,0.09643670134428631,0.0765004670490609,-0.048124218877199074,0.16666666666666666,KDCREIT SP Equity|MINT SP Equity|YZJSGD SP Equity|HKL SP Equity|SGX SP Equity|SATS SP Equity,WIL SP Equity|STE SP Equity|STM SP Equity|JM SP Equity|DFI SP Equity|GENS SP Equity,0.0,0,15.07,48.9,Full
2015-12-31,-0.005167220299182466,0.009524170892782399,0.004356950593599932,-0.001517566716167715,0.0,KDCREIT SP Equity|YZJSGD SP Equity|HKL SP Equity|MINT SP Equity|SGX SP Equity|SATS SP Equity,STE SP Equity|CIT SP Equity|JM SP Equity|STM SP Equity|DFI SP Equity|GENS SP Equity,1.0,0,16.13,49.2,Full
2016-01-31,-0.020581279859876365,0.03467938145088349,0.014098101591007127,-0.05067937670280737,0.3333333333333333,KDCREIT SP Equity|HKL SP Equity|THBEV SP Equity|SATS SP Equity|MINT SP Equity|VMS SP Equity,SIA SP Equity|JM SP Equity|CIT SP Equity|DFI SP Equity|GENS SP Equity|STM SP Equity,1.0,0,18.21,49.5,Full
2016-02-29,0.011920572198474167,-0.022236061932705213,-0.010315489734231046,0.030992283802096055,0.16666666666666666,KDCREIT SP Equity|HKL SP Equity|MINT SP Equity|THBEV SP Equity|SGX SP Equity|SATS SP Equity,UOB SP Equity|CIT SP Equity|JM SP Equity|DFI SP Equity|GENS SP Equity|STM SP Equity,0.0,0,20.2,49.0,Full
2016-03-31,0.03423539243051718,-0.09947348727391822,-0.06523809484340104,0.05145935574940652,0.0,KDCREIT SP Equity|MINT SP Equity|HKL SP Equity|SATS SP Equity|THBEV SP Equity|SGX SP Equity,DBS SP Equity|CIT SP Equity|SCI SP Equity|DFI SP Equity|STM SP Equity|GENS SP Equity,0.0,0,20.55,48.5,Full
2016-04-30,0.032309592506126535,-0.022316452085441616,0.009993140420684919,0.020172544451642235,0.16666666666666666,KDCREIT SP Equity|THBEV SP Equity|SATS SP Equity|HKL SP Equity|MINT SP Equity|CICT SP Equity,SCI SP Equity|DBS SP Equity|CIT SP Equity|DFI SP Equity|GENS SP Equity|STM SP Equity,1.0,0,13.95,49.4,Full
2016-05-31,0.04569780649317065,0.03011803073227875,0.0758158372254494,-0.011997919952768528,0.3333333333333333,KDCREIT SP Equity|SGX SP Equity|THBEV SP Equity|MINT SP Equity|SATS SP Equity|FCT SP Equity,ST SP Equity|DBS SP Equity|SCI SP Equity|GENS SP Equity|STM SP Equity|DFI SP Equity,1.0,0,15.7,49.8,Full
2016-06-30,0.019038425692276952,-0.0076034363138136,0.011434989378463352,0.014129822596285868,0.16666666666666666,KDCREIT SP Equity|THBEV SP Equity|SATS SP Equity|MINT SP Equity|SGX SP Equity|HKL SP Equity,DBS SP Equity|SCI SP Equity|JM SP Equity|GENS SP Equity|DFI SP Equity|STM SP Equity,1.0,0,14.19,49.8,Full
2016-07-31,0.08229187934257653,0.013989908785070167,0.0962817881276467,0.025568233649530585,0.3333333333333333,THBEV SP Equity|VMS SP Equity|KDCREIT SP Equity|MINT SP Equity|SATS SP Equity|FCT SP Equity,YZJSGD SP Equity|DBS SP Equity|SCI SP Equity|DFI SP Equity|GENS SP Equity|STM SP Equity,1.0,0,15.63,49.6,Full
2016-08-31,0.00023395303700348276,0.037478662857604095,0.03771261589460758,-0.002478946232666145,0.3333333333333333,THBEV SP Equity|MINT SP Equity|KDCREIT SP Equity|FCT SP Equity|MPACT SP Equity|SGX SP Equity,KEP SP Equity|DBS SP Equity|YZJSGD SP Equity|DFI SP Equity|GENS SP Equity|STM SP Equity,1.0,0,11.87,49.3,Full
2016-09-30,0.019144851147187267,-0.029323623308728466,-0.0101787721615412,0.0150877653984106,0.16666666666666666,THBEV SP Equity|MPACT SP Equity|MINT SP Equity|KDCREIT SP Equity|HKL SP Equity|FCT SP Equity,DBS SP Equity|UOB SP Equity|WIL SP Equity|GENS SP Equity|DFI SP Equity|STM SP Equity,1.0,0,13.42,49.8,Full
2016-10-31,-0.006980751740146619,0.003311784510410417,-0.003668967229736202,-0.01740524474540765,0.16666666666666666,THBEV SP Equity|KDCREIT SP Equity|HKL SP Equity|MPACT SP Equity|MINT SP Equity|VMS SP Equity,YZJSGD SP Equity|WIL SP Equity|SCI SP Equity|DFI SP Equity|GENS SP Equity|STM SP Equity,1.0,1,13.29,50.1,Full
2016-11-30,-0.05953680641550637,-0.09147472140100017,-0.15101152781650654,0.020315432940554382,0.16666666666666666,THBEV SP Equity|HKL SP Equity|KDCREIT SP Equity|MINT SP Equity|MPACT SP Equity|JM SP Equity,CLAR SP Equity|YZJSGD SP Equity|SCI SP Equity|DFI SP Equity|GENS SP Equity|STM SP Equity,0.0,0,17.06,50.0,Full
2016-12-31,-0.014472939584092816,-0.0034540368469930848,-0.0179269764310859,-0.00706698666741773,0.16666666666666666,THBEV SP Equity|KDCREIT SP Equity|HKL SP Equity|MINT SP Equity|VMS SP Equity|MPACT SP Equity,YZJSGD SP Equity|SCI SP Equity|DFI SP Equity|JM SP Equity|GENS SP Equity|STM SP Equity,1.0,1,13.33,50.2,Full
2017-01-31,0.04355732457664171,-0.09662516662155968,-0.05306784204491797,0.06143401050660794,0.0,THBEV SP Equity|HKL SP Equity|VMS SP Equity|MINT SP Equity|MPACT SP Equity|KDCREIT SP Equity,ST SP Equity|GENS SP Equity|CLAR SP Equity|DFI SP Equity|JM SP Equity|STM SP Equity,1.0,1,14.04,50.6,Full
2017-02-28,0.038230963905057716,-0.04421038383945687,-0.005979419934399155,0.031818545144849705,0.16666666666666666,THBEV SP Equity|VMS SP Equity|MINT SP Equity|HKL SP Equity|FLT SP Equity|MPACT SP Equity,ST SP Equity|SIA SP Equity|GENS SP Equity|DFI SP Equity|JM SP Equity|STM SP Equity,1.0,1,11.99,51.0,Full
2017-03-31,0.04179602667446721,-0.04101910552818102,0.0007769211462861914,0.037954887966807106,0.3333333333333333,HKL SP Equity|DBS SP Equity|SCI SP Equity|THBEV SP Equity|VMS SP Equity|MPACT SP Equity,DFI SP Equity|ST SP Equity|GENS SP Equity|SIA SP Equity|JM SP Equity|STM SP Equity,1.0,1,12.92,50.9,Full
2017-04-30,0.001211938639557949,0.02092293815728666,0.02213487679684461,0.008641948466746756,0.3333333333333333,KEP SP Equity|DBS SP Equity|HKL SP Equity|FLT SP Equity|VMS SP Equity|SCI SP Equity,CICT SP Equity|FCT SP Equity|DFI SP Equity|SIA SP Equity|STM SP Equity|JM SP Equity,1.0,1,12.37,51.2,Full
2017-05-31,0.05036637994909898,-0.008074578027728267,0.04229180192137072,0.01894402527256568,0.3333333333333333,HKL SP Equity|YZJSGD SP Equity|VMS SP Equity|DBS SP Equity|MINT SP Equity|KEP SP Equity,ST SP Equity|WIL SP Equity|CLAR SP Equity|JM SP Equity|SIA SP Equity|STM SP Equity,1.0,1,10.82,51.1,Full
2017-06-30,-0.015438706516201486,0.006611435337874233,-0.008827271178327253,-0.0006602370839586698,0.16666666666666666,FLT SP Equity|HKL SP Equity|VMS SP Equity|YZJSGD SP Equity|KEP SP Equity|DBS SP Equity,ST SP Equity|WIL SP Equity|JM SP Equity|SIA SP Equity|DFI SP Equity|STM SP Equity,1.0,1,10.41,50.8,Full
2017-07-31,0.0712135895795082,-0.0142045237247503,0.0570090658547579,0.0343009894598105,0.3333333333333333,YZJSGD SP Equity|HKL SP Equity|VMS SP Equity|KEP SP Equity|GENS SP Equity|MLT SP Equity,WIL SP Equity|ST SP Equity|JM SP Equity|DFI SP Equity|SIA SP Equity|STM SP Equity,1.0,1,11.18,50.9,Full
2017-08-31,0.012608723398479633,0.009080621839362117,0.021689345237841752,0.007660470427539759,0.3333333333333333,YZJSGD SP Equity|HKL SP Equity|KEP SP Equity|STE SP Equity|MLT SP Equity|UOL SP Equity,CLAR SP Equity|ST SP Equity|JM SP Equity|SIA SP Equity|DFI SP Equity|STM SP Equity,1.0,1,10.26,51.0,Full
2017-09-30,0.003828979857117634,0.0034032818519167674,0.007232261709034401,-0.007649364619118731,0.3333333333333333,YZJSGD SP Equity|HKL SP Equity|KEP SP Equity|STE SP Equity|VMS SP Equity|DBS SP Equity,CLAR SP Equity|ST SP Equity|DFI SP Equity|SIA SP Equity|JM SP Equity|STM SP Equity,1.0,1,10.59,51.8,Full
2017-10-31,0.08213379448118172,-0.042390998443720566,0.03974279603746115,0.06002590993905294,0.16666666666666666,YZJSGD SP Equity|HKL SP Equity|VMS SP Equity|UOL SP Equity|KEP SP Equity|STE SP Equity,SATS SP Equity|CLAR SP Equity|SIA SP Equity|DFI SP Equity|JM SP Equity|STM SP Equity,1.0,1,9.51,52.0,Full
2017-11-30,0.013651933873735284,-0.0071961804426998845,0.006455753431035399,0.0078298994526356,0.16666666666666666,YZJSGD SP Equity|VMS SP Equity|HKL SP Equity|UOL SP Equity|KEP SP Equity|MLT SP Equity,SATS SP Equity|CIT SP Equity|SIA SP Equity|JM SP Equity|STM SP Equity|DFI SP Equity,1.0,1,10.18,52.6,Full
2017-12-31,-0.020778125218561386,0.011138176315438834,-0.009639948903122551,-0.00162891991145291,0.0,YZJSGD SP Equity|VMS SP Equity|HKL SP Equity|UOL SP Equity|KEP SP Equity|MLT SP Equity,KDCREIT SP Equity|SIA SP Equity|STM SP Equity|SATS SP Equity|DFI SP Equity|JM SP Equity,1.0,1,11.28,52.9,Full
2018-01-31,0.0670551126366442,-0.053453174404820884,0.013601938231823311,0.062014904555245776,0.3333333333333333,YZJSGD SP Equity|VMS SP Equity|HKL SP Equity|UOL SP Equity|SGX SP Equity|FCT SP Equity,SATS SP Equity|CIT SP Equity|GENS SP Equity|WIL SP Equity|DFI SP Equity|JM SP Equity,1.0,1,11.04,52.8,Full
2018-02-28,-0.020742240272743597,0.042478040458325886,0.02173580018558229,-0.03450253178513596,0.16666666666666666,YZJSGD SP Equity|VMS SP Equity|HKL SP Equity|UOL SP Equity|FCT SP Equity|MLT SP Equity,SATS SP Equity|WIL SP Equity|KEP SP Equity|STM SP Equity|JM SP Equity|DFI SP Equity,1.0,1,13.54,53.1,Full
2018-03-31,-0.02570290574963352,0.025708012611240595,5.1068616070751305e-06,-0.011739730294013746,0.16666666666666666,YZJSGD SP Equity|VMS SP Equity|HKL SP Equity|MLT SP Equity|UOL SP Equity|SGX SP Equity,GENS SP Equity|CIT SP Equity|SATS SP Equity|WIL SP Equity|DFI SP Equity|JM SP Equity,1.0,1,19.85,52.7,Full
2018-04-30,-0.021303866232952814,-0.018860350022889015,-0.04016421625584183,0.024496555869710772,0.16666666666666666,VMS SP Equity|YZJSGD SP Equity|HKL SP Equity|MLT SP Equity|MPACT SP Equity|UOL SP Equity,WIL SP Equity|GENS SP Equity|CIT SP Equity|STM SP Equity|DFI SP Equity|JM SP Equity,0.0,1,19.97,53.0,Full
2018-05-31,-0.028094658091277702,0.010018847665832277,-0.018075810425445427,-0.025119297526012316,0.16666666666666666,VMS SP Equity|YZJSGD SP Equity|MLT SP Equity|HKL SP Equity|MPACT SP Equity|MINT SP Equity,CIT SP Equity|SATS SP Equity|GENS SP Equity|STM SP Equity|JM SP Equity|DFI SP Equity,0.0,1,15.93,52.9,Full
2018-06-30,-0.04917560906284229,0.02251192485462241,-0.02666368420821988,-0.03636855061218164,0.16666666666666666,VMS SP Equity|YZJSGD SP Equity|DBS SP Equity|HKL SP Equity|MLT SP Equity|MPACT SP Equity,SCI SP Equity|WIL SP Equity|GENS SP Equity|CIT SP Equity|DFI SP Equity|JM SP Equity,0.0,1,15.43,52.7,Full
2018-07-31,0.015884324120043865,0.013488636313243351,0.029372960433287215,0.010530490068701794,0.16666666666666666,VMS SP Equity|YZJSGD SP Equity|HKL SP Equity|MLT SP Equity|MPACT SP Equity|STE SP Equity,CIT SP Equity|GENS SP Equity|DFI SP Equity|THBEV SP Equity|STM SP Equity|JM SP Equity,1.0,1,16.09,52.5,Full
2018-08-31,0.0306249498417274,0.04846298365259175,0.07908793349431915,-0.010157768863625502,0.16666666666666666,VMS SP Equity|YZJSGD SP Equity|HKL SP Equity|MPACT SP Equity|SGX SP Equity|STE SP Equity,CIT SP Equity|DFI SP Equity|KDCREIT SP Equity|STM SP Equity|THBEV SP Equity|JM SP Equity,1.0,1,12.83,52.3,Full
2018-09-30,0.023440428055686868,-0.06518463587412945,-0.04174420781844258,0.02378080324344029,0.16666666666666666,VMS SP Equity|HKL SP Equity|YZJSGD SP Equity|FCT SP Equity|MPACT SP Equity|STE SP Equity,SCI SP Equity|CIT SP Equity|THBEV SP Equity|JM SP Equity|STM SP Equity|DFI SP Equity,1.0,1,12.86,52.6,Full
2018-10-31,-0.05591403632409629,0.12754306045329475,0.07162902412919846,-0.06671258539595627,0.3333333333333333,HKL SP Equity|VMS SP Equity|SGX SP Equity|MPACT SP Equity|FLT SP Equity|STE SP Equity,GENS SP Equity|SCI SP Equity|JM SP Equity|CIT SP Equity|THBEV SP Equity|STM SP Equity,1.0,1,12.12,52.4,Full
2018-11-30,0.039683671195554396,-0.03477529980558548,0.004908371389968913,0.024236875664978976,0.3333333333333333,STE SP Equity|SGX SP Equity|HKL SP Equity|YZJSGD SP Equity|DBS SP Equity|MPACT SP Equity,UOL SP Equity|ST SP Equity|CIT SP Equity|THBEV SP Equity|JM SP Equity|STM SP Equity,0.0,1,21.23,51.9,Full
2018-12-31,-0.011089359985121235,0.005617465190198017,-0.005471894794923217,-0.010667628383745194,0.16666666666666666,STE SP Equity|YZJSGD SP Equity|MPACT SP Equity|SGX SP Equity|HKL SP Equity|FCT SP Equity,UOL SP Equity|GENS SP Equity|CIT SP Equity|THBEV SP Equity|STM SP Equity|JM SP Equity,0.0,1,18.07,51.5,Full
2019-01-31,0.08860264679557425,-0.08800532911469335,0.0005973176808809072,0.0675838297997707,0.16666666666666666,STE SP Equity|YZJSGD SP Equity|HKL SP Equity|SGX SP Equity|MPACT SP Equity|FLT SP Equity,UOL SP Equity|GENS SP Equity|THBEV SP Equity|CIT SP Equity|JM SP Equity|STM SP Equity,0.0,1,25.42,51.1,Full
2019-02-28,0.01102794198265768,-0.0322540097387548,-0.02122606775609712,0.014253201591182086,0.16666666666666666,YZJSGD SP Equity|STE SP Equity|SGX SP Equity|MPACT SP Equity|HKL SP Equity|MINT SP Equity,UOL SP Equity|GENS SP Equity|VMS SP Equity|THBEV SP Equity|CIT SP Equity|STM SP Equity,0.0,1,16.57,50.7,Full
2019-03-31,0.016638139882777136,0.01607956481339675,0.03271770469617388,0.009316431846917897,0.16666666666666666,HKL SP Equity|YZJSGD SP Equity|STE SP Equity|SGX SP Equity|MPACT SP Equity|FCT SP Equity,VMS SP Equity|THBEV SP Equity|SCI SP Equity|CIT SP Equity|JM SP Equity|STM SP Equity,1.0,1,14.78,50.4,Full
2019-04-30,0.026904236697833633,-0.008619573865572001,0.01828466283226163,0.031810264236577776,0.16666666666666666,HKL SP Equity|YZJSGD SP Equity|STE SP Equity|SGX SP Equity|MPACT SP Equity|KDCREIT SP Equity,VMS SP Equity|SCI SP Equity|DFI SP Equity|CIT SP Equity|JM SP Equity|STM SP Equity,1.0,1,13.71,50.8,Full
2019-05-31,-0.029161504959192,0.08088553120245444,0.05172402624326244,-0.04824308088529548,0.16666666666666666,YZJSGD SP Equity|HKL SP Equity|MPACT SP Equity|MLT SP Equity|SGX SP Equity|STE SP Equity,VMS SP Equity|SCI SP Equity|CIT SP Equity|DFI SP Equity|JM SP Equity|STM SP Equity,1.0,1,13.12,50.3,Full
2019-06-30,0.06518078995522147,-0.027616485627031034,0.03756430432819044,0.06550302762455404,0.16666666666666666,YZJSGD SP Equity|HKL SP Equity|STE SP Equity|MPACT SP Equity|FLT SP Equity|SGX SP Equity,SIA SP Equity|JM SP Equity|SCI SP Equity|CIT SP Equity|DFI SP Equity|STM SP Equity,0.0,0,18.71,49.9,Full
2019-07-31,-0.02551893799774488,0.0035412786571641353,-0.021977659340580748,-0.005525798479362533,0.16666666666666666,YZJSGD SP Equity|HKL SP Equity|SGX SP Equity|MPACT SP Equity|MLT SP Equity|FLT SP Equity,SIA SP Equity|GENS SP Equity|JM SP Equity|CIT SP Equity|DFI SP Equity|STM SP Equity,1.0,0,15.08,49.6,Full
2019-08-31,-0.066919189730435,0.06614560493195541,-0.0007735847984795818,-0.031762124166688624,0.16666666666666666,YZJSGD SP Equity|SGX SP Equity|MPACT SP Equity|MLT SP Equity|HKL SP Equity|SCI SP Equity,GENS SP Equity|CIT SP Equity|SIA SP Equity|JM SP Equity|DFI SP Equity|STM SP Equity,1.0,0,16.12,49.8,Full
2019-09-30,0.017003751658254684,0.0058470492771966025,0.022850800935451287,0.011148621564031186,0.16666666666666666,YZJSGD SP Equity|SGX SP Equity|MPACT SP Equity|STE SP Equity|MLT SP Equity|SCI SP Equity,SIA SP Equity|CIT SP Equity|GENS SP Equity|DFI SP Equity|JM SP Equity|STM SP Equity,1.0,0,18.98,49.9,Full
2019-10-31,0.036442438490647516,-0.05810836587644202,-0.021665927385794502,0.042731528371455905,0.16666666666666666,YZJSGD SP Equity|MPACT SP Equity|SGX SP Equity|THBEV SP Equity|MLT SP Equity|STE SP Equity,GENS SP Equity|SIA SP Equity|ST SP Equity|JM SP Equity|DFI SP Equity|STM SP Equity,1.0,0,16.24,49.5,Full
2019-11-30,0.016180897895906283,0.02643910549266889,0.042620003388575176,-0.0056927017512137185,0.3333333333333333,YZJSGD SP Equity|MPACT SP Equity|SGX SP Equity|HKL SP Equity|MLT SP Equity|FCT SP Equity,CIT SP Equity|GENS SP Equity|ST SP Equity|DFI SP Equity|JM SP Equity|STM SP Equity,1.0,0,13.22,49.6,Full
2019-12-31,0.03642720317728525,-0.003873983937788185,0.03255321923949706,0.01739635728932063,0.16666666666666666,SGX SP Equity|MPACT SP Equity|YZJSGD SP Equity|HKL SP Equity|MLT SP Equity|KDCREIT SP Equity,WIL SP Equity|SIA SP Equity|ST SP Equity|JM SP Equity|DFI SP Equity|STM SP Equity,1.0,0,12.62,49.8,Full
2020-01-31,-0.023847113945219496,0.0644170699035424,0.040569955958322905,-0.022951310388526908,0.16666666666666666,SGX SP Equity|MPACT SP Equity|YZJSGD SP Equity|MLT SP Equity|FCT SP Equity|HKL SP Equity,SIA SP Equity|SATS SP Equity|ST SP Equity|JM SP Equity|DFI SP Equity|STM SP Equity,1.0,1,13.78,50.1,Full
2020-02-29,-0.042090086885022145,0.0617950803029728,0.019704993417950657,-0.0434183657999167,0.3333333333333333,YZJSGD SP Equity|SGX SP Equity|MPACT SP Equity|HKL SP Equity|THBEV SP Equity|MINT SP Equity,GENS SP Equity|SIA SP Equity|ST SP Equity|JM SP Equity|DFI SP Equity|STM SP Equity,1.0,1,18.84,50.3,Full
2020-03-31,-0.10332078464527358,0.17010345978189498,0.0667826751366214,-0.16469908396085597,0.16666666666666666,SGX SP Equity|YZJSGD SP Equity|MPACT SP Equity|SCI SP Equity|MINT SP Equity|HKL SP Equity,SIA SP Equity|GENS SP Equity|ST SP Equity|JM SP Equity|DFI SP Equity|STM SP Equity,0.0,0,40.11,48.7,Full
2020-04-30,0.09215280670575975,-0.04019115726232789,0.05196164944343186,0.08073315471722418,0.16666666666666666,YZJSGD SP Equity|SGX SP Equity|HKL SP Equity|MINT SP Equity|SCI SP Equity|STE SP Equity,SATS SP Equity|ST SP Equity|SIA SP Equity|JM SP Equity|DFI SP Equity|STM SP Equity,0.0,0,53.54,45.4,Full
2020-05-31,-0.03554042432858258,0.12012503621887355,0.08458461189029097,-0.020452785500778007,0.16666666666666666,SGX SP Equity|YZJSGD SP Equity|SCI SP Equity|HKL SP Equity|KDCREIT SP Equity|MINT SP Equity,SATS SP Equity|ST SP Equity|SIA SP Equity|DFI SP Equity|JM SP Equity|STM SP Equity,0.0,0,34.15,44.7,Full
2020-06-30,0.07256466731413834,0.050456074759806326,0.12302074207394467,0.025453511742459047,0.0,SGX SP Equity|YZJSGD SP Equity|SCI SP Equity|HKL SP Equity|KDCREIT SP Equity|MINT SP Equity,CICT SP Equity|ST SP Equity|SIA SP Equity|JM SP Equity|DFI SP Equity|STM SP Equity,0.0,0,27.51,46.8,Full
2020-07-31,0.05255268096306978,0.05352654088512716,0.10607922184819694,0.0029696969586086677,0.16666666666666666,YZJSGD SP Equity|SGX SP Equity|HKL SP Equity|MLT SP Equity|KDCREIT SP Equity|MINT SP Equity,ST SP Equity|SATS SP Equity|JM SP Equity|SIA SP Equity|DFI SP Equity|STM SP Equity,0.0,0,30.43,48.0,Full
2020-08-31,0.012116106431208752,0.003999945444847918,0.01611605187605667,0.002445077454438583,0.16666666666666666,SGX SP Equity|YZJSGD SP Equity|HKL SP Equity|SCI SP Equity|MINT SP Equity|KDCREIT SP Equity,ST SP Equity|JM SP Equity|SIA SP Equity|DFI SP Equity|SATS SP Equity|STM SP Equity,0.0,1,24.46,50.2,Full
2020-09-30,0.09806014517356278,0.10422905156304196,0.20228919673660473,-0.010846900053199158,0.0,YZJSGD SP Equity|HKL SP Equity|SGX SP Equity|KDCREIT SP Equity|SCI SP Equity|MINT SP Equity,ST SP Equity|JM SP Equity|DFI SP Equity|SIA SP Equity|SATS SP Equity|STM SP Equity,0.0,1,26.41,50.1,Full
2020-10-31,-0.029291490006174165,0.018909407568095567,-0.010382082438078599,-0.03369868613231619,0.16666666666666666,YZJSGD SP Equity|HKL SP Equity|SGX SP Equity|KDCREIT SP Equity|VMS SP Equity|MINT SP Equity,CICT SP Equity|DFI SP Equity|SATS SP Equity|STM SP Equity|JM SP Equity|SIA SP Equity,0.0,1,26.37,50.3,Full
2020-11-30,0.03383581358810194,-0.2496290078726342,-0.21579319428453225,0.1449875837297319,0.16666666666666666,YZJSGD SP Equity|HKL SP Equity|SCI SP Equity|SGX SP Equity|VMS SP Equity|MINT SP Equity,ST SP Equity|DFI SP Equity|STM SP Equity|SATS SP Equity|SIA SP Equity|JM SP Equity,0.0,1,38.02,50.5,Full
2020-12-31,0.015470795991787967,0.02060504041834949,0.03607583641013745,0.0161314388917532,0.0,YZJSGD SP Equity|HKL SP Equity|SCI SP Equity|SGX SP Equity|VMS SP Equity|MINT SP Equity,DFI SP Equity|ST SP Equity|STM SP Equity|SATS SP Equity|SIA SP Equity|JM SP Equity,0.0,1,20.57,50.4,Full
2021-01-31,0.034421574885187566,-0.004851128099271485,0.029570446785916082,0.015408223162172344,0.16666666666666666,YZJSGD SP Equity|HKL SP Equity|SCI SP Equity|SGX SP Equity|FLT SP Equity|MINT SP Equity,ST SP Equity|DFI SP Equity|SATS SP Equity|SIA SP Equity|JM SP Equity|STM SP Equity,0.0,1,22.75,50.5,Full
2021-02-28,0.018256198641205933,-0.06542748677582011,-0.04717128813461417,0.009655401670922461,0.16666666666666666,YZJSGD SP Equity|HKL SP Equity|SCI SP Equity|SGX SP Equity|FLT SP Equity|VMS SP Equity,CICT SP Equity|DFI SP Equity|ST SP Equity|SATS SP Equity|SIA SP Equity|STM SP Equity,0.0,1,33.09,50.7,Full
2021-03-31,0.06755904636013502,-0.10210871509885275,-0.03454966873871773,0.056605904584727376,0.0,YZJSGD SP Equity|HKL SP Equity|SCI SP Equity|SGX SP Equity|FLT SP Equity|VMS SP Equity,CIT SP Equity|ST SP Equity|SATS SP Equity|JM SP Equity|SIA SP Equity|STM SP Equity,0.0,1,27.95,50.5,Full
2021-04-30,0.06549000444421413,-0.02034183201715035,0.045148172427063774,0.023853046300112014,0.16666666666666666,HKL SP Equity|YZJSGD SP Equity|SCI SP Equity|SGX SP Equity|FLT SP Equity|MPACT SP Equity,CIT SP Equity|SATS SP Equity|ST SP Equity|SIA SP Equity|JM SP Equity|STM SP Equity,1.0,1,19.4,50.8,Full
2021-05-31,0.010873351700673719,0.028622364768095168,0.039495716468768885,-0.013816809499467586,0.16666666666666666,HKL SP Equity|YZJSGD SP Equity|SCI SP Equity|FLT SP Equity|MPACT SP Equity|VMS SP Equity,SATS SP Equity|CLAR SP Equity|ST SP Equity|SIA SP Equity|DFI SP Equity|STM SP Equity,1.0,1,18.61,50.9,Full
2021-06-30,0.00293578574447715,0.08562443364177041,0.08856021938624756,-0.021912743316160565,0.3333333333333333,HKL SP Equity|YZJSGD SP Equity|SCI SP Equity|MPACT SP Equity|FCT SP Equity|SGX SP Equity,DFI SP Equity|SATS SP Equity|ST SP Equity|SIA SP Equity|JM SP Equity|STM SP Equity,1.0,1,16.76,50.7,Full
2021-07-31,-0.006630040867996816,0.008741653883367902,0.0021116130153710855,0.0013038953578997504,0.0,YZJSGD SP Equity|HKL SP Equity|SCI SP Equity|SGX SP Equity|MPACT SP Equity|FCT SP Equity,CICT SP Equity|DFI SP Equity|MINT SP Equity|SATS SP Equity|ST SP Equity|STM SP Equity,1.0,1,15.83,50.8,Full
2021-08-31,-0.03339620798169155,0.04280973515110721,0.00941352716941566,-0.027497125518782736,0.0,YZJSGD SP Equity|HKL SP Equity|SCI SP Equity|SGX SP Equity|MPACT SP Equity|FCT SP Equity,SATS SP Equity|ST SP Equity|MINT SP Equity|JM SP Equity|DFI SP Equity|STM SP Equity,1.0,1,18.24,51.0,Full
2021-09-30,-0.005706796433763068,0.012729333478916083,0.007022537045153015,-0.007931444400643152,0.16666666666666666,HKL SP Equity|YZJSGD SP Equity|SCI SP Equity|SGX SP Equity|MPACT SP Equity|OCBC SP Equity,ST SP Equity|MINT SP Equity|KDCREIT SP Equity|DFI SP Equity|STM SP Equity|JM SP Equity,1.0,1,16.48,50.9,Full
2021-10-31,0.05601213845433843,-0.01322035057305265,0.04279178788128578,0.03502024349884679,0.16666666666666666,YZJSGD SP Equity|HKL SP Equity|SCI SP Equity|SGX SP Equity|KEP SP Equity|MPACT SP Equity,ST SP Equity|STM SP Equity|KDCREIT SP Equity|JM SP Equity|SATS SP Equity|DFI SP Equity,0.0,1,23.14,50.8,Full
2021-11-30,-0.05681207843194384,0.03982138907552575,-0.016990689356418086,-0.04212709504528903,0.3333333333333333,YZJSGD SP Equity|HKL SP Equity|SGX SP Equity|KEP SP Equity|DBS SP Equity|OCBC SP Equity,CLAR SP Equity|STM SP Equity|SATS SP Equity|KDCREIT SP Equity|DFI SP Equity|JM SP Equity,1.0,1,16.26,50.8,Full
2021-12-31,0.018549528747749684,0.009835797288857868,0.028385326036607553,0.010590999679592651,0.16666666666666666,HKL SP Equity|YZJSGD SP Equity|MPACT SP Equity|SGX SP Equity|DBS SP Equity|KEP SP Equity,CLAR SP Equity|JM SP Equity|STM SP Equity|KDCREIT SP Equity|SATS SP Equity|DFI SP Equity,0.0,1,27.19,50.6,Full
2022-01-31,-0.002737987807955268,0.010506553091063065,0.0077685652831077975,-0.0016002267556819146,0.16666666666666666,HKL SP Equity|YZJSGD SP Equity|SGX SP Equity|KEP SP Equity|MPACT SP Equity|FCT SP Equity,ST SP Equity|KDCREIT SP Equity|JM SP Equity|SATS SP Equity|DFI SP Equity|STM SP Equity,1.0,1,17.22,50.7,Full
2022-02-28,0.01995349885393208,-0.02648607312476735,-0.00653257427083527,0.021179698026870912,0.3333333333333333,YZJSGD SP Equity|HKL SP Equity|SGX SP Equity|DBS SP Equity|KEP SP Equity|FLT SP Equity,ST SP Equity|CICT SP Equity|STM SP Equity|SATS SP Equity|DFI SP Equity|JM SP Equity,0.0,1,24.83,50.6,Full
2022-03-31,0.05268207670846832,-0.08875269920228218,-0.03607062249381386,0.060364459956524945,0.16666666666666666,HKL SP Equity|YZJSGD SP Equity|KEP SP Equity|DBS SP Equity|UOB SP Equity|SGX SP Equity,MLT SP Equity|CICT SP Equity|KDCREIT SP Equity|STM SP Equity|DFI SP Equity|SATS SP Equity,0.0,1,30.15,50.2,Full
2022-04-30,0.043102802322362674,-0.005819011257920432,0.03728379106444224,0.010763342579434631,0.16666666666666666,HKL SP Equity|YZJSGD SP Equity|KEP SP Equity|SCI SP Equity|SGX SP Equity|DBS SP Equity,CICT SP Equity|KDCREIT SP Equity|JM SP Equity|STM SP Equity|SATS SP Equity|DFI SP Equity,0.0,1,20.56,50.1,Full
2022-05-31,0.00029924533710972,-0.012652909782873286,-0.012353664445763565,-0.009218095002992626,0.16666666666666666,HKL SP Equity|YZJSGD SP Equity|KEP SP Equity|SCI SP Equity|SGX SP Equity|UOB SP Equity,CICT SP Equity|KDCREIT SP Equity|STM SP Equity|SATS SP Equity|DFI SP Equity|JM SP Equity,0.0,1,33.4,50.3,Full
2022-06-30,-8.929643009218595e-05,0.0437860926724426,0.043696796242350414,-0.02569260203024047,0.16666666666666666,HKL SP Equity|YZJSGD SP Equity|KEP SP Equity|SCI SP Equity|SGX SP Equity|FCT SP Equity,CICT SP Equity|KDCREIT SP Equity|SATS SP Equity|STM SP Equity|DFI SP Equity|JM SP Equity,0.0,1,26.19,50.4,Full
2022-07-31,0.02983092852262768,-0.006601174358008052,0.02322975416461963,0.02943512973324236,0.0,HKL SP Equity|KEP SP Equity|YZJSGD SP Equity|SGX SP Equity|SCI SP Equity|FCT SP Equity,CICT SP Equity|JM SP Equity|KDCREIT SP Equity|STM SP Equity|SATS SP Equity|DFI SP Equity,0.0,1,28.71,50.3,Full
2022-08-31,0.025424231616730464,0.0098814169246772,0.035305648541407664,-4.074807267261347e-05,0.16666666666666666,HKL SP Equity|YZJSGD SP Equity|KEP SP Equity|SCI SP Equity|STE SP Equity|FCT SP Equity,MPACT SP Equity|GENS SP Equity|KDCREIT SP Equity|VMS SP Equity|SATS SP Equity|DFI SP Equity,0.0,1,21.33,50.1,Full
2022-09-30,-0.04949538138153447,0.12960860376373107,0.08011322238219659,-0.058146714265033914,0.16666666666666666,HKL SP Equity|YZJSGD SP Equity|KEP SP Equity|SCI SP Equity|FCT SP Equity|FLT SP Equity,MPACT SP Equity|STM SP Equity|VMS SP Equity|KDCREIT SP Equity|SATS SP Equity|DFI SP Equity,0.0,0,25.87,50.0,Full
2022-10-31,-0.03510742890920366,0.0416903620618356,0.006582933152631941,-0.023271020248384133,0.3333333333333333,HKL SP Equity|KEP SP Equity|SCI SP Equity|YZJSGD SP Equity|SGX SP Equity|JM SP Equity,GENS SP Equity|CLI SP Equity|KDCREIT SP Equity|ST SP Equity|SATS SP Equity|DFI SP Equity,0.0,0,31.62,49.9,Full
2022-11-30,0.0838905342716487,-0.07110983256373771,0.012780701707910999,0.07842535367362079,0.16666666666666666,HKL SP Equity|YZJSGD SP Equity|KEP SP Equity|SCI SP Equity|SGX SP Equity|FCT SP Equity,MPACT SP Equity|ST SP Equity|JM SP Equity|KDCREIT SP Equity|DFI SP Equity|SATS SP Equity,0.0,0,25.88,49.7,Full
2022-12-31,0.013922083884101266,-0.027272910388030557,-0.01335082650392929,0.012203736685276004,0.16666666666666666,HKL SP Equity|YZJSGD SP Equity|KEP SP Equity|SGX SP Equity|FCT SP Equity|STM SP Equity,SIA SP Equity|MPACT SP Equity|ST SP Equity|CLI SP Equity|SATS SP Equity|DFI SP Equity,0.0,0,20.58,49.8,Full
2023-01-31,0.03353919032151789,-0.06251464709476434,-0.02897545677324645,0.04898496345489037,0.16666666666666666,YZJSGD SP Equity|HKL SP Equity|KEP SP Equity|SGX SP Equity|SCI SP Equity|FCT SP Equity,CICT SP Equity|KDCREIT SP Equity|JM SP Equity|ST SP Equity|SATS SP Equity|DFI SP Equity,0.0,0,21.67,49.7,Full
2023-02-28,0.0040795592514758505,0.04126497554565968,0.04534453479713553,-0.026227646086370293,0.0,HKL SP Equity|YZJSGD SP Equity|KEP SP Equity|SGX SP Equity|SCI SP Equity|FCT SP Equity,JM SP Equity|ST SP Equity|VMS SP Equity|KDCREIT SP Equity|DFI SP Equity|SATS SP Equity,1.0,0,19.4,49.8,Full
2023-03-31,0.029508461963989315,-0.011718472867304167,0.01778998909668515,0.017758367990745545,0.16666666666666666,HKL SP Equity|YZJSGD SP Equity|SGX SP Equity|KEP SP Equity|STM SP Equity|SCI SP Equity,KDCREIT SP Equity|CLI SP Equity|DFI SP Equity|ST SP Equity|JM SP Equity|SATS SP Equity,0.0,0,20.7,50.0,Full
2023-04-30,0.023962333133816398,0.002550067644834883,0.02651240077865128,0.007199214279326104,0.3333333333333333,HKL SP Equity|YZJSGD SP Equity|KEP SP Equity|SGX SP Equity|JM SP Equity|FCT SP Equity,WIL SP Equity|CICT SP Equity|CLI SP Equity|DFI SP Equity|ST SP Equity|SATS SP Equity,1.0,0,18.7,49.9,Full
2023-05-31,0.028669985972194452,0.03385725042418697,0.06252723639638141,-0.01967419063093801,0.16666666666666666,HKL SP Equity|YZJSGD SP Equity|SCI SP Equity|KEP SP Equity|SGX SP Equity|JM SP Equity,CICT SP Equity|STM SP Equity|DFI SP Equity|CLI SP Equity|ST SP Equity|SATS SP Equity,1.0,0,15.78,49.7,Full
2023-06-30,0.03540753637448561,0.00820238567148715,0.04360992204597276,0.015895980673291628,0.16666666666666666,HKL SP Equity|KEP SP Equity|YZJSGD SP Equity|GENS SP Equity|SGX SP Equity|JM SP Equity,CICT SP Equity|CIT SP Equity|STM SP Equity|ST SP Equity|DFI SP Equity|SATS SP Equity,1.0,0,17.94,49.5,Full
2023-07-31,-0.009128692388172066,-0.043236854597785854,-0.05236554698595792,0.03391712307063553,0.3333333333333333,HKL SP Equity|SCI SP Equity|SGX SP Equity|KEP SP Equity|GENS SP Equity|FLT SP Equity,CLI SP Equity|ST SP Equity|JM SP Equity|STM SP Equity|DFI SP Equity|SATS SP Equity,1.0,0,13.59,49.7,Full
2023-08-31,-0.00019068622807936653,0.04199718859273417,0.04180650236465481,-0.02414869829659981,0.3333333333333333,HKL SP Equity|SCI SP Equity|SGX SP Equity|YZJSGD SP Equity|SIA SP Equity|KEP SP Equity,ST SP Equity|MINT SP Equity|STM SP Equity|CIT SP Equity|DFI SP Equity|SATS SP Equity,1.0,0,13.63,49.8,Full
2023-09-30,-0.02137635066417457,0.010134341677730035,-0.011242008986444533,-0.018488512515843367,0.0,HKL SP Equity|SGX SP Equity|SCI SP Equity|KEP SP Equity|YZJSGD SP Equity|SIA SP Equity,CLI SP Equity|CLAR SP Equity|STM SP Equity|MINT SP Equity|DFI SP Equity|SATS SP Equity,1.0,0,13.57,49.9,Full
2023-10-31,-0.07912635138118572,0.0939000468336047,0.01477369545241898,-0.06939443277793249,0.0,HKL SP Equity|YZJSGD SP Equity|SGX SP Equity|SIA SP Equity|KEP SP Equity|SCI SP Equity,CLAR SP Equity|CIT SP Equity|STM SP Equity|MINT SP Equity|SATS SP Equity|DFI SP Equity,0.0,1,17.52,50.1,Full
2023-11-30,0.04200422197226595,-0.028576126371983136,0.013428095600282814,0.03175569924349284,0.0,HKL SP Equity|YZJSGD SP Equity|SGX SP Equity|SIA SP Equity|KEP SP Equity|SCI SP Equity,STM SP Equity|CLAR SP Equity|CLI SP Equity|CIT SP Equity|DFI SP Equity|SATS SP Equity,0.0,1,18.14,50.2,Full
2023-12-31,0.047122916475875326,-0.07649318762935536,-0.029370271153480038,0.06324732851366541,0.16666666666666666,HKL SP Equity|SGX SP Equity|STE SP Equity|SIA SP Equity|YZJSGD SP Equity|SCI SP Equity,CIT SP Equity|CLAR SP Equity|VMS SP Equity|STM SP Equity|SATS SP Equity|DFI SP Equity,1.0,1,12.92,50.3,Full
2024-01-31,-0.014702024407802983,0.08063563990718564,0.06593361549938266,-0.0334523683666511,0.3333333333333333,HKL SP Equity|SGX SP Equity|FCT SP Equity|SCI SP Equity|STE SP Equity|KEP SP Equity,CLI SP Equity|CIT SP Equity|JM SP Equity|SATS SP Equity|DFI SP Equity|STM SP Equity,1.0,1,12.45,50.5,Full
2024-02-29,0.021914283553723934,0.03817031483651298,0.060084598390236915,-0.01565846974184943,0.3333333333333333,HKL SP Equity|SGX SP Equity|KEP SP Equity|STE SP Equity|OCBC SP Equity|MLT SP Equity,THBEV SP Equity|CLI SP Equity|CIT SP Equity|SATS SP Equity|STM SP Equity|DFI SP Equity,1.0,1,14.35,50.7,Full
2024-03-31,0.02002494203200815,0.026837344712548405,0.04686228674455656,0.005646672327247627,0.5,HKL SP Equity|SGX SP Equity|YZJSGD SP Equity|KEP SP Equity|FLT SP Equity|SCI SP Equity,CLI SP Equity|CIT SP Equity|JM SP Equity|SATS SP Equity|STM SP Equity|DFI SP Equity,1.0,1,13.4,50.6,Full
2024-04-30,0.008027827930320619,-0.017091162131510913,-0.009063334201190295,0.00463064919061306,0.3333333333333333,HKL SP Equity|SGX SP Equity|YZJSGD SP Equity|STE SP Equity|OCBC SP Equity|KEP SP Equity,CLI SP Equity|CIT SP Equity|ST SP Equity|SATS SP Equity|DFI SP Equity|STM SP Equity,1.0,1,13.01,50.7,Full
2024-05-31,0.08461489380364522,0.007014282728653019,0.09162917653229824,0.014058439410374664,0.16666666666666666,HKL SP Equity|YZJSGD SP Equity|SGX SP Equity|STE SP Equity|OCBC SP Equity|FLT SP Equity,CLI SP Equity|CIT SP Equity|ST SP Equity|SATS SP Equity|DFI SP Equity|STM SP Equity,1.0,1,15.65,50.5,Full
2024-06-30,0.0049184058773784015,0.008028243704443983,0.012946649581822385,-0.01573870982922966,0.3333333333333333,HKL SP Equity|SIA SP Equity|YZJSGD SP Equity|SGX SP Equity|DBS SP Equity|OCBC SP Equity,KDCREIT SP Equity|CLI SP Equity|ST SP Equity|SATS SP Equity|STM SP Equity|DFI SP Equity,1.0,1,12.92,50.6,Full
2024-07-31,0.03231794269729441,-0.08384436656623126,-0.05152642386893685,0.0473535609817375,0.0,HKL SP Equity|YZJSGD SP Equity|SGX SP Equity|DBS SP Equity|OCBC SP Equity|SIA SP Equity,MINT SP Equity|SATS SP Equity|SCI SP Equity|ST SP Equity|DFI SP Equity|STM SP Equity,1.0,1,12.44,50.4,Full
2024-08-31,0.040121837109108854,-0.04573662128058671,-0.005614784171477857,0.03089048187658835,0.16666666666666666,HKL SP Equity|YZJSGD SP Equity|DBS SP Equity|SGX SP Equity|STE SP Equity|OCBC SP Equity,KDCREIT SP Equity|MINT SP Equity|SATS SP Equity|SCI SP Equity|DFI SP Equity|STM SP Equity,1.0,1,16.36,50.7,Full
2024-09-30,0.02477086978897745,-0.0857153388629465,-0.06094446907396904,0.050319606063503566,0.0,HKL SP Equity|YZJSGD SP Equity|DBS SP Equity|STE SP Equity|SGX SP Equity|OCBC SP Equity,ST SP Equity|SATS SP Equity|MINT SP Equity|SCI SP Equity|DFI SP Equity|STM SP Equity,1.0,1,15.0,50.9,Full
2024-10-31,0.032857435305330196,0.011874341076656969,0.044731776381987165,-0.013804033835305688,0.16666666666666666,HKL SP Equity|SGX SP Equity|YZJSGD SP Equity|DBS SP Equity|OCBC SP Equity|VMS SP Equity,KEP SP Equity|CLI SP Equity|JM SP Equity|SCI SP Equity|DFI SP Equity|STM SP Equity,1.0,1,16.73,51.0,Full
2024-11-30,0.030202611011109465,-0.026496613828242154,0.0037059971828673106,0.009282514779149138,0.16666666666666666,HKL SP Equity|SGX SP Equity|YZJSGD SP Equity|FLT SP Equity|DBS SP Equity|OCBC SP Equity,MINT SP Equity|CIT SP Equity|KEP SP Equity|SCI SP Equity|DFI SP Equity|STM SP Equity,0.0,1,23.16,50.8,Full
2024-12-31,0.02403970576613123,0.003805268149008901,0.02784497391514013,0.0007348372730499199,0.3333333333333333,HKL SP Equity|YZJSGD SP Equity|SGX SP Equity|FLT SP Equity|FCT SP Equity|SATS SP Equity,KEP SP Equity|CICT SP Equity|SCI SP Equity|DFI SP Equity|JM SP Equity|STM SP Equity,1.0,1,13.51,51.0,Full
2025-01-31,6.65615362101167e-05,-0.027472725803474006,-0.02740616426726389,0.0004675578279883469,0.5,HKL SP Equity|SGX SP Equity|DBS SP Equity|YZJSGD SP Equity|UOB SP Equity|SIA SP Equity,MINT SP Equity|ST SP Equity|CICT SP Equity|SCI SP Equity|DFI SP Equity|STM SP Equity,1.0,1,17.35,51.1,Full
2025-02-28,0.0013716167488763964,0.005161851655677083,0.00653346840455348,-0.00037870865267524144,0.16666666666666666,HKL SP Equity|SGX SP Equity|YZJSGD SP Equity|DBS SP Equity|SIA SP Equity|OCBC SP Equity,SCI SP Equity|MINT SP Equity|CICT SP Equity|ST SP Equity|DFI SP Equity|STM SP Equity,1.0,1,16.43,50.9,Full
2025-03-31,0.0171236933183958,-0.04862817832350692,-0.03150448500511112,0.040312680731034375,0.16666666666666666,HKL SP Equity|YZJSGD SP Equity|SGX SP Equity|JM SP Equity|DBS SP Equity|OCBC SP Equity,SCI SP Equity|CICT SP Equity|MINT SP Equity|ST SP Equity|STM SP Equity|DFI SP Equity,0.0,1,19.63,50.7,Full
2025-04-30,0.026839284390725863,0.04146247225775379,0.06830175664847965,-0.005206081439719388,0.5,HKL SP Equity|SGX SP Equity|DBS SP Equity|ST SP Equity|SIA SP Equity|UOB SP Equity,SATS SP Equity|KEP SP Equity|MLT SP Equity|DFI SP Equity|CICT SP Equity|STM SP Equity,0.0,1,22.28,50.6,Full
2025-05-31,0.04211441668934547,-0.04512937699449657,-0.003014960305151096,0.01027373602842398,0.3333333333333333,HKL SP Equity|SGX SP Equity|STE SP Equity|DBS SP Equity|SIA SP Equity|UOL SP Equity,MLT SP Equity|SATS SP Equity|KEP SP Equity|CICT SP Equity|DFI SP Equity|STM SP Equity,0.0,0,24.7,49.6,Full
2025-06-30,0.05609816388762339,-0.03753896739011556,0.018559196497507834,0.03440449672187052,0.3333333333333333,HKL SP Equity|JM SP Equity|SGX SP Equity|STE SP Equity|ST SP Equity|UOL SP Equity,KDCREIT SP Equity|SATS SP Equity|MLT SP Equity|KEP SP Equity|CICT SP Equity|STM SP Equity,0.0,0,18.57,49.7,Full
2025-07-31,0.06323572222660821,-0.05927913665940665,0.003956585567201562,0.06714477878167437,0.16666666666666666,HKL SP Equity|STE SP Equity|SGX SP Equity|ST SP Equity|UOL SP Equity|SIA SP Equity,SATS SP Equity|MLT SP Equity|KDCREIT SP Equity|KEP SP Equity|CICT SP Equity|STM SP Equity,1.0,0,16.73,50.0,Full
2025-08-31,0.0253235060361143,-0.06675807354863939,-0.04143456751252508,0.0320437219890219,0.3333333333333333,HKL SP Equity|SGX SP Equity|STE SP Equity|UOL SP Equity|FLT SP Equity|MPACT SP Equity,VMS SP Equity|YZJSGD SP Equity|KEP SP Equity|DFI SP Equity|CICT SP Equity|STM SP Equity,1.0,0,16.72,49.9,Full
2025-09-30,0.04261163491690845,-0.0446076574009781,-0.0019960224840696525,0.020175621821952525,0.16666666666666666,HKL SP Equity|SGX SP Equity|STE SP Equity|UOL SP Equity|DFI SP Equity|FLT SP Equity,KEP SP Equity|MLT SP Equity|SATS SP Equity|YZJSGD SP Equity|CLAR SP Equity|STM SP Equity,1.0,0,15.36,50.0,Full
2025-10-31,-0.006767384359443132,-0.01568001300211647,-0.022447397361559603,0.024729466964587568,0.3333333333333333,HKL SP Equity|SGX SP Equity|UOL SP Equity|ST SP Equity|JM SP Equity|STE SP Equity,KDCREIT SP Equity|MLT SP Equity|SCI SP Equity|SATS SP Equity|CLAR SP Equity|STM SP Equity,1.0,1,16.28,50.1,Full
2025-11-30,0.05520539339176794,0.011605725505076114,0.06681111889684406,0.009821927225904102,0.0,HKL SP Equity|SGX SP Equity|UOL SP Equity|STE SP Equity|JM SP Equity|ST SP Equity,KEP SP Equity|MLT SP Equity|SATS SP Equity|SCI SP Equity|CLAR SP Equity|STM SP Equity,1.0,0,17.44,50.0,Full
2025-12-31,0.04404247126722084,-0.018819442384887787,0.025223028882333055,0.022955473752559623,0.3333333333333333,HKL SP Equity|SGX SP Equity|UOL SP Equity|STE SP Equity|CIT SP Equity|MPACT SP Equity,CLI SP Equity|SCI SP Equity|KDCREIT SP Equity|CLAR SP Equity|SATS SP Equity|STM SP Equity,1.0,1,16.35,50.2,Full
2026-01-31,0.11450847386077508,-0.01948630328975142,0.09502217057102366,0.05135817448133788,0.3333333333333333,HKL SP Equity|UOL SP Equity|ST SP Equity|STE SP Equity|SGX SP Equity|FLT SP Equity,UOB SP Equity|SCI SP Equity|CLAR SP Equity|SATS SP Equity|DFI SP Equity|STM SP Equity,1.0,1,14.95,50.3,Full
